--  Created from MySQL Employee Sample Database (http://dev.mysql.com/doc/employee/en/index.html).
--  Created by Vraj Mohan

--  I (Paul Olsen) altered this file from one I found at (https://github.com/vrajmohan/pgsql-sample-data).
--  Licensed under creative commons license 3.0 (https://creativecommons.org/licenses/by-sa/3.0/).

-- drop the tables first.
-- notice that the drop order is the reverse of the creation order.

-- the data in this database is generated by the data generator included in this project.
-- If you don't have the data generator, the code can be found at: https://github.com/profolsen/employees.


DROP TABLE IF EXISTS salaries;
DROP TABLE IF EXISTS titles;
DROP TABLE IF EXISTS works_in;
DROP TABLE IF EXISTS dept_manager;
DROP TABLE IF EXISTS departments;
DROP TABLE IF EXISTS employees;

CREATE TABLE employees (
    emp_no      INT             NOT NULL,
    birth_date  TIMESTAMP       NOT NULL,
    first_name  VARCHAR(14)     NOT NULL,
    last_name   VARCHAR(16)     NOT NULL,
    hire_date   TIMESTAMP       NOT NULL,
    PRIMARY KEY (emp_no)
);

CREATE TABLE departments (
    dept_no     CHAR(4)         NOT NULL,
    dept_name   VARCHAR(40)     NOT NULL,
    PRIMARY KEY (dept_no),
    UNIQUE   	(dept_name)
);

CREATE TABLE dept_manager (
   dept_no      CHAR(4)         NOT NULL,
   emp_no       INT             NOT NULL,
   from_date    TIMESTAMP       NOT NULL,
   to_date      TIMESTAMP       ,
   FOREIGN KEY (emp_no)  REFERENCES employees (emp_no)    ON DELETE CASCADE,
   FOREIGN KEY (dept_no) REFERENCES departments (dept_no) ON DELETE CASCADE,
   PRIMARY KEY (emp_no,from_date,dept_no)
); 

CREATE TABLE works_in (
    emp_no      INT             NOT NULL,
    dept_no     CHAR(4)         NOT NULL,
    from_date   TIMESTAMP       NOT NULL,
    to_date TIMESTAMP,
    FOREIGN KEY (emp_no)  REFERENCES employees   (emp_no)  ON DELETE CASCADE,
    FOREIGN KEY (dept_no) REFERENCES departments (dept_no) ON DELETE CASCADE,
    PRIMARY KEY (emp_no,from_date,dept_no)
);

CREATE TABLE titles (
    emp_no      INT             NOT NULL,
    title       VARCHAR(50)     NOT NULL,
    from_date   TIMESTAMP       NOT NULL,
    FOREIGN KEY (emp_no) REFERENCES employees (emp_no) ON DELETE CASCADE,
    PRIMARY KEY (emp_no,title, from_date)
); 


CREATE TABLE salaries (
    emp_no      INT             NOT NULL,
    salary      INT             NOT NULL,
    from_date   TIMESTAMP       NOT NULL,
    FOREIGN KEY (emp_no) REFERENCES employees (emp_no) ON DELETE CASCADE,
    PRIMARY KEY (emp_no, from_date)
);

INSERT INTO employees VALUES (54322, '1949-7-2', 'Heather', 'Jordan', '1969-7-17');
INSERT INTO salaries VALUES ('54322', 29462, '1969-7-17');
INSERT INTO titles VALUES ( '54322', 'Tech Lev 1', '1969-7-17');
UPDATE works_in SET to_date = '1969-7-17' WHERE emp_no = 54322 AND from_date = '1969-7-17';
INSERT INTO departments VALUES ('0012', 'TABLE');
INSERT INTO dept_manager VALUES ('0012', 54322, '1969-7-17', null);
INSERT INTO works_in VALUES (54322, '0012', '1969-7-17', null);
UPDATE dept_manager SET to_date = '1969-8-25' WHERE emp_no = 54322 AND from_date = '1969-7-17';
UPDATE works_in SET to_date = '1969-8-25' WHERE emp_no = 54322 AND from_date = '1969-7-17';
INSERT INTO departments VALUES ('0004', 'OPERA');
INSERT INTO dept_manager VALUES ('0004', 54322, '1969-8-25', null);
INSERT INTO works_in VALUES (54322, '0004', '1969-8-25', null);
INSERT INTO titles VALUES ( '54322', 'Tech Lev 2', '1969-9-23');
INSERT INTO employees VALUES (54323, '1949-9-2', 'Nathan', 'Urx', '1969-10-21');
INSERT INTO salaries VALUES ('54323', 47572, '1969-10-21');
INSERT INTO titles VALUES ( '54323', 'Tech Lev 1', '1969-10-21');
UPDATE works_in SET to_date = '1969-10-21' WHERE emp_no = 54323 AND from_date = '1969-10-21';
INSERT INTO departments VALUES ('0008', 'WORDS');
INSERT INTO dept_manager VALUES ('0008', 54323, '1969-10-21', null);
INSERT INTO works_in VALUES (54323, '0008', '1969-10-21', null);
INSERT INTO employees VALUES (54324, '1949-9-11', 'Paul', 'Yewbeam', '1970-1-2');
INSERT INTO salaries VALUES ('54324', 39913, '1970-1-2');
INSERT INTO titles VALUES ( '54324', 'Tech Lev 1', '1970-1-2');
UPDATE works_in SET to_date = '1970-1-2' WHERE emp_no = 54324 AND from_date = '1970-1-2';
INSERT INTO departments VALUES ('0005', 'ABSTRACT');
INSERT INTO dept_manager VALUES ('0005', 54324, '1970-1-2', null);
INSERT INTO works_in VALUES (54324, '0005', '1970-1-2', null);
INSERT INTO titles VALUES ( '54323', 'Tech Lev 2', '1970-1-9');
UPDATE dept_manager SET to_date = '1970-1-15' WHERE emp_no = 54323 AND from_date = '1969-10-21';
UPDATE works_in SET to_date = '1970-1-15' WHERE emp_no = 54323 AND from_date = '1969-10-21';
INSERT INTO departments VALUES ('0007', 'RANDOM');
INSERT INTO dept_manager VALUES ('0007', 54323, '1970-1-15', null);
INSERT INTO works_in VALUES (54323, '0007', '1970-1-15', null);
INSERT INTO employees VALUES (54325, '1950-2-3', 'Heather', 'Mason', '1970-2-11');
INSERT INTO salaries VALUES ('54325', 49730, '1970-2-11');
INSERT INTO titles VALUES ( '54325', 'Tech Lev 1', '1970-2-11');
UPDATE works_in SET to_date = '1970-2-11' WHERE emp_no = 54325 AND from_date = '1970-2-11';
INSERT INTO dept_manager VALUES ('0008', 54325, '1970-2-11', null);
INSERT INTO works_in VALUES (54325, '0008', '1970-2-11', null);
UPDATE dept_manager SET to_date = '1970-2-18' WHERE emp_no = 54325 AND from_date = '1970-2-11';
UPDATE works_in SET to_date = '1970-2-18' WHERE emp_no = 54325 AND from_date = '1970-2-11';
INSERT INTO departments VALUES ('0003', 'FROG');
INSERT INTO dept_manager VALUES ('0003', 54325, '1970-2-18', null);
INSERT INTO works_in VALUES (54325, '0003', '1970-2-18', null);
INSERT INTO employees VALUES (54326, '1950-2-5', 'Heather', 'Linderman', '1970-2-23');
INSERT INTO salaries VALUES ('54326', 54028, '1970-2-23');
INSERT INTO titles VALUES ( '54326', 'Tech Lev 1', '1970-2-23');
UPDATE works_in SET to_date = '1970-2-23' WHERE emp_no = 54326 AND from_date = '1970-2-23';
INSERT INTO departments VALUES ('0001', 'HAMMER');
INSERT INTO dept_manager VALUES ('0001', 54326, '1970-2-23', null);
INSERT INTO works_in VALUES (54326, '0001', '1970-2-23', null);
INSERT INTO titles VALUES ( '54323', 'Programmer Lev 1', '1970-3-10');
INSERT INTO titles VALUES ( '54323', 'Programmer Lev 2', '1970-3-19');
UPDATE dept_manager SET to_date = '1970-6-8' WHERE emp_no = 54325 AND from_date = '1970-2-18';
UPDATE works_in SET to_date = '1970-6-8' WHERE emp_no = 54325 AND from_date = '1970-2-18';
INSERT INTO works_in VALUES (54325, '0005', '1970-6-8', null);
UPDATE dept_manager SET to_date = '1970-6-12' WHERE emp_no = 54326 AND from_date = '1970-2-23';
UPDATE works_in SET to_date = '1970-6-12' WHERE emp_no = 54326 AND from_date = '1970-2-23';
INSERT INTO departments VALUES ('0000', 'BOAT');
INSERT INTO dept_manager VALUES ('0000', 54326, '1970-6-12', null);
INSERT INTO works_in VALUES (54326, '0000', '1970-6-12', null);
UPDATE dept_manager SET to_date = '1970-7-11' WHERE emp_no = 54323 AND from_date = '1970-1-15';
UPDATE works_in SET to_date = '1970-7-11' WHERE emp_no = 54323 AND from_date = '1970-1-15';
INSERT INTO dept_manager VALUES ('0008', 54323, '1970-7-11', null);
INSERT INTO works_in VALUES (54323, '0008', '1970-7-11', null);
INSERT INTO titles VALUES ( '54325', 'Tech Lev 2', '1970-8-3');
INSERT INTO employees VALUES (54327, '1950-7-8', 'Edward', 'Einstein', '1970-11-3');
INSERT INTO salaries VALUES ('54327', 22589, '1970-11-3');
INSERT INTO titles VALUES ( '54327', 'Tech Lev 1', '1970-11-3');
UPDATE works_in SET to_date = '1970-11-3' WHERE emp_no = 54327 AND from_date = '1970-11-3';
INSERT INTO dept_manager VALUES ('0007', 54327, '1970-11-3', null);
INSERT INTO works_in VALUES (54327, '0007', '1970-11-3', null);
INSERT INTO titles VALUES ( '54324', 'Tech Lev 2', '1970-11-6');
INSERT INTO titles VALUES ( '54323', 'Junior Architecht', '1970-11-7');
UPDATE works_in SET to_date = '1970-11-27' WHERE emp_no = 54325 AND from_date = '1970-6-8';
INSERT INTO works_in VALUES (54325, '0007', '1970-11-27', null);
UPDATE dept_manager SET to_date = '1971-1-20' WHERE emp_no = 54327 AND from_date = '1970-11-3';
UPDATE works_in SET to_date = '1971-1-20' WHERE emp_no = 54327 AND from_date = '1970-11-3';
INSERT INTO works_in VALUES (54327, '0004', '1971-1-20', null);
INSERT INTO employees VALUES (54328, '1951-1-8', 'Xander', 'Karamazov', '1971-2-23');
INSERT INTO salaries VALUES ('54328', 23033, '1971-2-23');
INSERT INTO titles VALUES ( '54328', 'Tech Lev 1', '1971-2-23');
UPDATE works_in SET to_date = '1971-2-23' WHERE emp_no = 54328 AND from_date = '1971-2-23';
INSERT INTO dept_manager VALUES ('0007', 54328, '1971-2-23', null);
INSERT INTO works_in VALUES (54328, '0007', '1971-2-23', null);
INSERT INTO titles VALUES ( '54327', 'Tech Lev 2', '1971-3-11');
UPDATE works_in SET to_date = '1971-4-27' WHERE emp_no = 54325 AND from_date = '1970-11-27';
INSERT INTO departments VALUES ('0002', 'JOIST');
INSERT INTO dept_manager VALUES ('0002', 54325, '1971-4-27', null);
INSERT INTO works_in VALUES (54325, '0002', '1971-4-27', null);
UPDATE dept_manager SET to_date = '1971-6-5' WHERE emp_no = 54324 AND from_date = '1970-1-2';
UPDATE works_in SET to_date = '1971-6-5' WHERE emp_no = 54324 AND from_date = '1970-1-2';
INSERT INTO departments VALUES ('0009', 'ARE');
INSERT INTO dept_manager VALUES ('0009', 54324, '1971-6-5', null);
INSERT INTO works_in VALUES (54324, '0009', '1971-6-5', null);
UPDATE dept_manager SET to_date = '1971-6-9' WHERE emp_no = 54323 AND from_date = '1970-7-11';
UPDATE works_in SET to_date = '1971-6-9' WHERE emp_no = 54323 AND from_date = '1970-7-11';
INSERT INTO departments VALUES ('0006', 'HELP');
INSERT INTO dept_manager VALUES ('0006', 54323, '1971-6-9', null);
INSERT INTO works_in VALUES (54323, '0006', '1971-6-9', null);
UPDATE dept_manager SET to_date = '1971-6-19' WHERE emp_no = 54322 AND from_date = '1969-8-25';
UPDATE works_in SET to_date = '1971-6-19' WHERE emp_no = 54322 AND from_date = '1969-8-25';
INSERT INTO works_in VALUES (54322, '0006', '1971-6-19', null);
INSERT INTO titles VALUES ( '54328', 'Tech Lev 2', '1971-7-6');
UPDATE works_in SET to_date = '1971-8-13' WHERE emp_no = 54322 AND from_date = '1971-6-19';
INSERT INTO works_in VALUES (54322, '0002', '1971-8-13', null);
UPDATE dept_manager SET to_date = '1971-9-2' WHERE emp_no = 54326 AND from_date = '1970-6-12';
UPDATE works_in SET to_date = '1971-9-2' WHERE emp_no = 54326 AND from_date = '1970-6-12';
INSERT INTO works_in VALUES (54326, '0007', '1971-9-2', null);
INSERT INTO employees VALUES (54329, '1951-3-8', 'Rachel', 'Diaz', '1971-10-14');
INSERT INTO salaries VALUES ('54329', 36826, '1971-10-14');
INSERT INTO titles VALUES ( '54329', 'Tech Lev 1', '1971-10-14');
UPDATE works_in SET to_date = '1971-10-14' WHERE emp_no = 54329 AND from_date = '1971-10-14';
INSERT INTO works_in VALUES (54329, '0009', '1971-10-14', null);
UPDATE works_in SET to_date = '1971-11-16' WHERE emp_no = 54326 AND from_date = '1971-9-2';
INSERT INTO works_in VALUES (54326, '0002', '1971-11-16', null);
INSERT INTO titles VALUES ( '54328', 'Programmer Lev 1', '1972-2-7');
INSERT INTO employees VALUES (54330, '1951-3-14', 'Vanessa', 'Yewbeam', '1972-2-13');
INSERT INTO salaries VALUES ('54330', 42258, '1972-2-13');
INSERT INTO titles VALUES ( '54330', 'Tech Lev 1', '1972-2-13');
UPDATE works_in SET to_date = '1972-2-13' WHERE emp_no = 54330 AND from_date = '1972-2-13';
INSERT INTO dept_manager VALUES ('0001', 54330, '1972-2-13', null);
INSERT INTO works_in VALUES (54330, '0001', '1972-2-13', null);
INSERT INTO employees VALUES (54331, '1951-6-17', 'Samuel', 'Yewbeam', '1972-3-6');
INSERT INTO salaries VALUES ('54331', 49310, '1972-3-6');
INSERT INTO titles VALUES ( '54331', 'Tech Lev 1', '1972-3-6');
UPDATE works_in SET to_date = '1972-3-6' WHERE emp_no = 54331 AND from_date = '1972-3-6';
INSERT INTO departments VALUES ('0013', 'POSTGRESQL');
INSERT INTO dept_manager VALUES ('0013', 54331, '1972-3-6', null);
INSERT INTO works_in VALUES (54331, '0013', '1972-3-6', null);
INSERT INTO employees VALUES (54332, '1951-8-14', 'Kitty', 'Urx', '1972-3-8');
INSERT INTO salaries VALUES ('54332', 46569, '1972-3-8');
INSERT INTO titles VALUES ( '54332', 'Tech Lev 1', '1972-3-8');
UPDATE works_in SET to_date = '1972-3-8' WHERE emp_no = 54332 AND from_date = '1972-3-8';
INSERT INTO dept_manager VALUES ('0008', 54332, '1972-3-8', null);
INSERT INTO works_in VALUES (54332, '0008', '1972-3-8', null);
INSERT INTO titles VALUES ( '54323', 'Senior Architecht', '1972-3-25');
INSERT INTO titles VALUES ( '54323', 'Strategist', '1972-4-14');
INSERT INTO employees VALUES (54333, '1951-11-27', 'Lindsay', 'Urx', '1972-6-28');
INSERT INTO salaries VALUES ('54333', 16270, '1972-6-28');
INSERT INTO titles VALUES ( '54333', 'Tech Lev 1', '1972-6-28');
UPDATE works_in SET to_date = '1972-6-28' WHERE emp_no = 54333 AND from_date = '1972-6-28';
INSERT INTO departments VALUES ('0011', 'DELETE');
INSERT INTO dept_manager VALUES ('0011', 54333, '1972-6-28', null);
INSERT INTO works_in VALUES (54333, '0011', '1972-6-28', null);
UPDATE dept_manager SET to_date = '1972-7-3' WHERE emp_no = 54331 AND from_date = '1972-3-6';
UPDATE works_in SET to_date = '1972-7-3' WHERE emp_no = 54331 AND from_date = '1972-3-6';
INSERT INTO works_in VALUES (54331, '0007', '1972-7-3', null);
INSERT INTO titles VALUES ( '54328', 'Programmer Lev 2', '1972-7-26');
INSERT INTO titles VALUES ( '54326', 'Tech Lev 2', '1972-10-26');
UPDATE works_in SET to_date = '1972-11-26' WHERE emp_no = 54331 AND from_date = '1972-7-3';
INSERT INTO works_in VALUES (54331, '0009', '1972-11-26', null);
INSERT INTO titles VALUES ( '54322', 'Programmer Lev 1', '1973-1-13');
INSERT INTO titles VALUES ( '54330', 'Tech Lev 2', '1973-1-17');
INSERT INTO employees VALUES (54334, '1952-9-22', 'William', 'Mason', '1973-2-27');
INSERT INTO salaries VALUES ('54334', 14180, '1973-2-27');
INSERT INTO titles VALUES ( '54334', 'Tech Lev 1', '1973-2-27');
UPDATE works_in SET to_date = '1973-2-27' WHERE emp_no = 54334 AND from_date = '1973-2-27';
INSERT INTO dept_manager VALUES ('0012', 54334, '1973-2-27', null);
INSERT INTO works_in VALUES (54334, '0012', '1973-2-27', null);
INSERT INTO employees VALUES (54335, '1952-9-26', 'Paul', 'Gyser', '1973-3-22');
INSERT INTO salaries VALUES ('54335', 31909, '1973-3-22');
INSERT INTO titles VALUES ( '54335', 'Tech Lev 1', '1973-3-22');
UPDATE works_in SET to_date = '1973-3-22' WHERE emp_no = 54335 AND from_date = '1973-3-22';
INSERT INTO works_in VALUES (54335, '0007', '1973-3-22', null);
UPDATE works_in SET to_date = '1973-5-2' WHERE emp_no = 54329 AND from_date = '1971-10-14';
INSERT INTO dept_manager VALUES ('0005', 54329, '1973-5-2', null);
INSERT INTO works_in VALUES (54329, '0005', '1973-5-2', null);
INSERT INTO employees VALUES (54336, '1952-11-13', 'Alice', 'Tileman', '1973-6-22');
INSERT INTO salaries VALUES ('54336', 59311, '1973-6-22');
INSERT INTO titles VALUES ( '54336', 'Tech Lev 1', '1973-6-22');
UPDATE works_in SET to_date = '1973-6-22' WHERE emp_no = 54336 AND from_date = '1973-6-22';
INSERT INTO works_in VALUES (54336, '0008', '1973-6-22', null);
INSERT INTO titles VALUES ( '54325', 'Programmer Lev 1', '1973-7-5');
INSERT INTO employees VALUES (54337, '1952-11-19', 'Bob', 'Einstein', '1973-8-7');
INSERT INTO salaries VALUES ('54337', 55728, '1973-8-7');
INSERT INTO titles VALUES ( '54337', 'Tech Lev 1', '1973-8-7');
UPDATE works_in SET to_date = '1973-8-7' WHERE emp_no = 54337 AND from_date = '1973-8-7';
INSERT INTO works_in VALUES (54337, '0005', '1973-8-7', null);
INSERT INTO titles VALUES ( '54324', 'Programmer Lev 1', '1973-8-27');
INSERT INTO titles VALUES ( '54336', 'Tech Lev 2', '1973-10-3');
INSERT INTO employees VALUES (54338, '1953-2-28', 'Kitty', 'Urx', '1973-12-8');
INSERT INTO salaries VALUES ('54338', 43123, '1973-12-8');
INSERT INTO titles VALUES ( '54338', 'Tech Lev 1', '1973-12-8');
UPDATE works_in SET to_date = '1973-12-8' WHERE emp_no = 54338 AND from_date = '1973-12-8';
INSERT INTO works_in VALUES (54338, '0002', '1973-12-8', null);
UPDATE works_in SET to_date = '1973-12-9' WHERE emp_no = 54322 AND from_date = '1971-8-13';
INSERT INTO works_in VALUES (54322, '0007', '1973-12-9', null);
UPDATE dept_manager SET to_date = '1974-1-17' WHERE emp_no = 54329 AND from_date = '1973-5-2';
UPDATE works_in SET to_date = '1974-1-17' WHERE emp_no = 54329 AND from_date = '1973-5-2';
INSERT INTO dept_manager VALUES ('0004', 54329, '1974-1-17', null);
INSERT INTO works_in VALUES (54329, '0004', '1974-1-17', null);
INSERT INTO employees VALUES (54339, '1953-6-28', 'Kyle', 'Anderson', '1974-2-2');
INSERT INTO salaries VALUES ('54339', 24407, '1974-2-2');
INSERT INTO titles VALUES ( '54339', 'Tech Lev 1', '1974-2-2');
UPDATE works_in SET to_date = '1974-2-2' WHERE emp_no = 54339 AND from_date = '1974-2-2';
INSERT INTO dept_manager VALUES ('0005', 54339, '1974-2-2', null);
INSERT INTO works_in VALUES (54339, '0005', '1974-2-2', null);
INSERT INTO titles VALUES ( '54337', 'Tech Lev 2', '1974-3-19');
INSERT INTO titles VALUES ( '54335', 'Tech Lev 2', '1974-5-6');
INSERT INTO titles VALUES ( '54330', 'Programmer Lev 1', '1974-7-3');
INSERT INTO titles VALUES ( '54334', 'Tech Lev 2', '1974-7-8');
INSERT INTO employees VALUES (54340, '1953-10-14', 'Samuel', 'Yewbeam', '1974-7-19');
INSERT INTO salaries VALUES ('54340', 31434, '1974-7-19');
INSERT INTO titles VALUES ( '54340', 'Tech Lev 1', '1974-7-19');
UPDATE works_in SET to_date = '1974-7-19' WHERE emp_no = 54340 AND from_date = '1974-7-19';
INSERT INTO dept_manager VALUES ('0003', 54340, '1974-7-19', null);
INSERT INTO works_in VALUES (54340, '0003', '1974-7-19', null);
UPDATE works_in SET to_date = '1974-10-19' WHERE emp_no = 54322 AND from_date = '1973-12-9';
INSERT INTO works_in VALUES (54322, '0002', '1974-10-19', null);
INSERT INTO titles VALUES ( '54334', 'Programmer Lev 1', '1975-2-5');
INSERT INTO employees VALUES (54341, '1954-12-4', 'Lindsay', 'Vanderhund', '1975-6-3');
INSERT INTO salaries VALUES ('54341', 52311, '1975-6-3');
INSERT INTO titles VALUES ( '54341', 'Tech Lev 1', '1975-6-3');
UPDATE works_in SET to_date = '1975-6-3' WHERE emp_no = 54341 AND from_date = '1975-6-3';
INSERT INTO works_in VALUES (54341, '0003', '1975-6-3', null);
INSERT INTO titles VALUES ( '54329', 'Tech Lev 2', '1975-6-12');
UPDATE works_in SET to_date = '1975-6-22' WHERE emp_no = 54335 AND from_date = '1973-3-22';
INSERT INTO works_in VALUES (54335, '0001', '1975-6-22', null);
INSERT INTO titles VALUES ( '54326', 'Programmer Lev 1', '1975-8-6');
INSERT INTO titles VALUES ( '54336', 'Programmer Lev 1', '1975-9-6');
INSERT INTO employees VALUES (54342, '1955-7-21', 'Ursula', 'Waxman', '1975-9-25');
INSERT INTO salaries VALUES ('54342', 33864, '1975-9-25');
INSERT INTO titles VALUES ( '54342', 'Tech Lev 1', '1975-9-25');
UPDATE works_in SET to_date = '1975-9-25' WHERE emp_no = 54342 AND from_date = '1975-9-25';
INSERT INTO works_in VALUES (54342, '0003', '1975-9-25', null);
INSERT INTO titles VALUES ( '54331', 'Tech Lev 2', '1975-10-18');
INSERT INTO titles VALUES ( '54331', 'Programmer Lev 1', '1975-11-3');
INSERT INTO employees VALUES (54343, '1955-9-3', 'Kyle', 'Einstein', '1975-12-28');
INSERT INTO salaries VALUES ('54343', 49938, '1975-12-28');
INSERT INTO titles VALUES ( '54343', 'Tech Lev 1', '1975-12-28');
UPDATE works_in SET to_date = '1975-12-28' WHERE emp_no = 54343 AND from_date = '1975-12-28';
INSERT INTO works_in VALUES (54343, '0006', '1975-12-28', null);
INSERT INTO employees VALUES (54344, '1955-10-2', 'Xander', 'Linderman', '1976-1-12');
INSERT INTO salaries VALUES ('54344', 53933, '1976-1-12');
INSERT INTO titles VALUES ( '54344', 'Tech Lev 1', '1976-1-12');
UPDATE works_in SET to_date = '1976-1-12' WHERE emp_no = 54344 AND from_date = '1976-1-12';
INSERT INTO works_in VALUES (54344, '0009', '1976-1-12', null);
UPDATE dept_manager SET to_date = '1976-2-21' WHERE emp_no = 54330 AND from_date = '1972-2-13';
UPDATE works_in SET to_date = '1976-2-21' WHERE emp_no = 54330 AND from_date = '1972-2-13';
INSERT INTO works_in VALUES (54330, '0005', '1976-2-21', null);
UPDATE dept_manager SET to_date = '1976-4-16' WHERE emp_no = 54334 AND from_date = '1973-2-27';
UPDATE works_in SET to_date = '1976-4-16' WHERE emp_no = 54334 AND from_date = '1973-2-27';
INSERT INTO works_in VALUES (54334, '0007', '1976-4-16', null);
INSERT INTO titles VALUES ( '54330', 'Programmer Lev 2', '1976-5-18');
UPDATE works_in SET to_date = '1976-6-8' WHERE emp_no = 54336 AND from_date = '1973-6-22';
INSERT INTO works_in VALUES (54336, '0005', '1976-6-8', null);
UPDATE works_in SET to_date = '1976-6-15' WHERE emp_no = 54326 AND from_date = '1971-11-16';
INSERT INTO works_in VALUES (54326, '0006', '1976-6-15', null);
INSERT INTO titles VALUES ( '54328', 'Junior Architecht', '1976-6-26');
INSERT INTO titles VALUES ( '54344', 'Tech Lev 2', '1976-6-27');
UPDATE dept_manager SET to_date = '1976-7-4' WHERE emp_no = 54325 AND from_date = '1971-4-27';
UPDATE works_in SET to_date = '1976-7-4' WHERE emp_no = 54325 AND from_date = '1971-4-27';
INSERT INTO works_in VALUES (54325, '0011', '1976-7-4', null);
INSERT INTO titles VALUES ( '54324', 'Programmer Lev 2', '1976-8-12');
INSERT INTO employees VALUES (54345, '1955-11-27', 'William', 'Vanderhund', '1976-9-14');
INSERT INTO salaries VALUES ('54345', 34278, '1976-9-14');
INSERT INTO titles VALUES ( '54345', 'Tech Lev 1', '1976-9-14');
UPDATE works_in SET to_date = '1976-9-14' WHERE emp_no = 54345 AND from_date = '1976-9-14';
INSERT INTO works_in VALUES (54345, '0005', '1976-9-14', null);
INSERT INTO employees VALUES (54346, '1956-1-3', 'Yvonne', 'Einstein', '1976-10-16');
INSERT INTO salaries VALUES ('54346', 47449, '1976-10-16');
INSERT INTO titles VALUES ( '54346', 'Tech Lev 1', '1976-10-16');
UPDATE works_in SET to_date = '1976-10-16' WHERE emp_no = 54346 AND from_date = '1976-10-16';
INSERT INTO dept_manager VALUES ('0000', 54346, '1976-10-16', null);
INSERT INTO works_in VALUES (54346, '0000', '1976-10-16', null);
UPDATE works_in SET to_date = '1976-12-17' WHERE emp_no = 54343 AND from_date = '1975-12-28';
INSERT INTO works_in VALUES (54343, '0005', '1976-12-17', null);
INSERT INTO titles VALUES ( '54331', 'Programmer Lev 2', '1977-2-8');
INSERT INTO employees VALUES (54347, '1956-4-15', 'Dagwood', 'Pierce', '1977-2-13');
INSERT INTO salaries VALUES ('54347', 39884, '1977-2-13');
INSERT INTO titles VALUES ( '54347', 'Tech Lev 1', '1977-2-13');
UPDATE works_in SET to_date = '1977-2-13' WHERE emp_no = 54347 AND from_date = '1977-2-13';
INSERT INTO works_in VALUES (54347, '0011', '1977-2-13', null);
INSERT INTO employees VALUES (54348, '1956-7-16', 'Samuel', 'Vanderhund', '1977-4-8');
INSERT INTO salaries VALUES ('54348', 49911, '1977-4-8');
INSERT INTO titles VALUES ( '54348', 'Tech Lev 1', '1977-4-8');
UPDATE works_in SET to_date = '1977-4-8' WHERE emp_no = 54348 AND from_date = '1977-4-8';
INSERT INTO dept_manager VALUES ('0012', 54348, '1977-4-8', null);
INSERT INTO works_in VALUES (54348, '0012', '1977-4-8', null);
UPDATE works_in SET to_date = '1977-4-19' WHERE emp_no = 54326 AND from_date = '1976-6-15';
INSERT INTO works_in VALUES (54326, '0000', '1977-4-19', null);
INSERT INTO employees VALUES (54349, '1956-7-20', 'Quentin', 'Belleci', '1977-5-10');
INSERT INTO salaries VALUES ('54349', 11832, '1977-5-10');
INSERT INTO titles VALUES ( '54349', 'Tech Lev 1', '1977-5-10');
UPDATE works_in SET to_date = '1977-5-10' WHERE emp_no = 54349 AND from_date = '1977-5-10';
INSERT INTO works_in VALUES (54349, '0009', '1977-5-10', null);
UPDATE works_in SET to_date = '1977-6-5' WHERE emp_no = 54325 AND from_date = '1976-7-4';
INSERT INTO works_in VALUES (54325, '0007', '1977-6-5', null);
UPDATE dept_manager SET to_date = '1977-6-20' WHERE emp_no = 54346 AND from_date = '1976-10-16';
UPDATE works_in SET to_date = '1977-6-20' WHERE emp_no = 54346 AND from_date = '1976-10-16';
INSERT INTO works_in VALUES (54346, '0009', '1977-6-20', null);
INSERT INTO titles VALUES ( '54336', 'Tech Lev 2', '1977-7-10');
INSERT INTO employees VALUES (54350, '1957-2-10', 'Heather', 'Pierce', '1977-11-24');
INSERT INTO salaries VALUES ('54350', 21633, '1977-11-24');
INSERT INTO titles VALUES ( '54350', 'Tech Lev 1', '1977-11-24');
UPDATE works_in SET to_date = '1977-11-24' WHERE emp_no = 54350 AND from_date = '1977-11-24';
INSERT INTO departments VALUES ('0010', 'FUN');
INSERT INTO dept_manager VALUES ('0010', 54350, '1977-11-24', null);
INSERT INTO works_in VALUES (54350, '0010', '1977-11-24', null);
INSERT INTO employees VALUES (54351, '1957-3-26', 'Paul', 'Pierce', '1977-12-20');
INSERT INTO salaries VALUES ('54351', 56353, '1977-12-20');
INSERT INTO titles VALUES ( '54351', 'Tech Lev 1', '1977-12-20');
UPDATE works_in SET to_date = '1977-12-20' WHERE emp_no = 54351 AND from_date = '1977-12-20';
INSERT INTO works_in VALUES (54351, '0007', '1977-12-20', null);
UPDATE works_in SET to_date = '1977-12-28' WHERE emp_no = 54347 AND from_date = '1977-2-13';
INSERT INTO dept_manager VALUES ('0002', 54347, '1977-12-28', null);
INSERT INTO works_in VALUES (54347, '0002', '1977-12-28', null);
UPDATE works_in SET to_date = '1978-2-10' WHERE emp_no = 54327 AND from_date = '1971-1-20';
INSERT INTO dept_manager VALUES ('0013', 54327, '1978-2-10', null);
INSERT INTO works_in VALUES (54327, '0013', '1978-2-10', null);
INSERT INTO employees VALUES (54352, '1957-7-10', 'Vanessa', 'Scherbatsky', '1978-2-11');
INSERT INTO salaries VALUES ('54352', 12969, '1978-2-11');
INSERT INTO titles VALUES ( '54352', 'Tech Lev 1', '1978-2-11');
UPDATE works_in SET to_date = '1978-2-11' WHERE emp_no = 54352 AND from_date = '1978-2-11';
INSERT INTO works_in VALUES (54352, '0003', '1978-2-11', null);
INSERT INTO titles VALUES ( '54342', 'Tech Lev 2', '1978-2-15');
INSERT INTO employees VALUES (54353, '1957-11-18', 'Samuel', 'Belleci', '1978-3-3');
INSERT INTO salaries VALUES ('54353', 54465, '1978-3-3');
INSERT INTO titles VALUES ( '54353', 'Tech Lev 1', '1978-3-3');
UPDATE works_in SET to_date = '1978-3-3' WHERE emp_no = 54353 AND from_date = '1978-3-3';
INSERT INTO works_in VALUES (54353, '0012', '1978-3-3', null);
INSERT INTO employees VALUES (54354, '1957-12-23', 'Kitty', 'Karamazov', '1978-4-20');
INSERT INTO salaries VALUES ('54354', 17783, '1978-4-20');
INSERT INTO titles VALUES ( '54354', 'Tech Lev 1', '1978-4-20');
UPDATE works_in SET to_date = '1978-4-20' WHERE emp_no = 54354 AND from_date = '1978-4-20';
INSERT INTO works_in VALUES (54354, '0002', '1978-4-20', null);
INSERT INTO titles VALUES ( '54343', 'Tech Lev 2', '1978-7-5');
UPDATE works_in SET to_date = '1978-7-11' WHERE emp_no = 54349 AND from_date = '1977-5-10';
INSERT INTO works_in VALUES (54349, '0002', '1978-7-11', null);
INSERT INTO employees VALUES (54355, '1958-3-27', 'Mary', 'Urx', '1978-8-7');
INSERT INTO salaries VALUES ('54355', 58557, '1978-8-7');
INSERT INTO titles VALUES ( '54355', 'Tech Lev 1', '1978-8-7');
UPDATE works_in SET to_date = '1978-8-7' WHERE emp_no = 54355 AND from_date = '1978-8-7';
INSERT INTO works_in VALUES (54355, '0013', '1978-8-7', null);
UPDATE dept_manager SET to_date = '1978-8-13' WHERE emp_no = 54340 AND from_date = '1974-7-19';
UPDATE works_in SET to_date = '1978-8-13' WHERE emp_no = 54340 AND from_date = '1974-7-19';
INSERT INTO works_in VALUES (54340, '0002', '1978-8-13', null);
UPDATE works_in SET to_date = '1978-8-19' WHERE emp_no = 54335 AND from_date = '1975-6-22';
INSERT INTO works_in VALUES (54335, '0007', '1978-8-19', null);
UPDATE works_in SET to_date = '1978-10-5' WHERE emp_no = 54336 AND from_date = '1976-6-8';
INSERT INTO works_in VALUES (54336, '0004', '1978-10-5', null);
INSERT INTO employees VALUES (54356, '1958-6-4', 'Ivan', 'Diaz', '1978-11-7');
INSERT INTO salaries VALUES ('54356', 47416, '1978-11-7');
INSERT INTO titles VALUES ( '54356', 'Tech Lev 1', '1978-11-7');
UPDATE works_in SET to_date = '1978-11-7' WHERE emp_no = 54356 AND from_date = '1978-11-7';
INSERT INTO works_in VALUES (54356, '0010', '1978-11-7', null);
INSERT INTO employees VALUES (54357, '1958-7-12', 'Bob', 'Jordan', '1979-1-14');
INSERT INTO salaries VALUES ('54357', 30726, '1979-1-14');
INSERT INTO titles VALUES ( '54357', 'Tech Lev 1', '1979-1-14');
UPDATE works_in SET to_date = '1979-1-14' WHERE emp_no = 54357 AND from_date = '1979-1-14';
INSERT INTO dept_manager VALUES ('0001', 54357, '1979-1-14', null);
INSERT INTO works_in VALUES (54357, '0001', '1979-1-14', null);
UPDATE dept_manager SET to_date = '1979-3-23' WHERE emp_no = 54333 AND from_date = '1972-6-28';
UPDATE works_in SET to_date = '1979-3-23' WHERE emp_no = 54333 AND from_date = '1972-6-28';
INSERT INTO works_in VALUES (54333, '0008', '1979-3-23', null);
INSERT INTO titles VALUES ( '54349', 'Tech Lev 2', '1979-5-21');
INSERT INTO titles VALUES ( '54326', 'Programmer Lev 2', '1979-6-14');
INSERT INTO employees VALUES (54358, '1958-10-25', 'Nathan', 'Raskolnikov', '1979-8-17');
INSERT INTO salaries VALUES ('54358', 14288, '1979-8-17');
INSERT INTO titles VALUES ( '54358', 'Tech Lev 1', '1979-8-17');
UPDATE works_in SET to_date = '1979-8-17' WHERE emp_no = 54358 AND from_date = '1979-8-17';
INSERT INTO works_in VALUES (54358, '0001', '1979-8-17', null);
INSERT INTO titles VALUES ( '54336', 'Programmer Lev 1', '1979-9-16');
INSERT INTO titles VALUES ( '54345', 'Tech Lev 2', '1979-9-18');
INSERT INTO employees VALUES (54359, '1958-12-25', 'Heather', 'Linderman', '1979-9-26');
INSERT INTO salaries VALUES ('54359', 55124, '1979-9-26');
INSERT INTO titles VALUES ( '54359', 'Tech Lev 1', '1979-9-26');
UPDATE works_in SET to_date = '1979-9-26' WHERE emp_no = 54359 AND from_date = '1979-9-26';
INSERT INTO works_in VALUES (54359, '0013', '1979-9-26', null);
UPDATE works_in SET to_date = '1979-11-14' WHERE emp_no = 54326 AND from_date = '1977-4-19';
INSERT INTO dept_manager VALUES ('0011', 54326, '1979-11-14', null);
INSERT INTO works_in VALUES (54326, '0011', '1979-11-14', null);
INSERT INTO titles VALUES ( '54347', 'Tech Lev 2', '1979-11-15');
UPDATE dept_manager SET to_date = '1980-1-11' WHERE emp_no = 54324 AND from_date = '1971-6-5';
UPDATE works_in SET to_date = '1980-1-11' WHERE emp_no = 54324 AND from_date = '1971-6-5';
INSERT INTO works_in VALUES (54324, '0007', '1980-1-11', null);
INSERT INTO employees VALUES (54360, '1959-5-18', 'Alice', 'Karamazov', '1980-1-25');
INSERT INTO salaries VALUES ('54360', 18907, '1980-1-25');
INSERT INTO titles VALUES ( '54360', 'Tech Lev 1', '1980-1-25');
UPDATE works_in SET to_date = '1980-1-25' WHERE emp_no = 54360 AND from_date = '1980-1-25';
INSERT INTO works_in VALUES (54360, '0007', '1980-1-25', null);
UPDATE works_in SET to_date = '1980-1-28' WHERE emp_no = 54353 AND from_date = '1978-3-3';
INSERT INTO works_in VALUES (54353, '0001', '1980-1-28', null);
INSERT INTO employees VALUES (54361, '1959-6-5', 'Alice', 'Vanderhund', '1980-3-9');
INSERT INTO salaries VALUES ('54361', 21406, '1980-3-9');
INSERT INTO titles VALUES ( '54361', 'Tech Lev 1', '1980-3-9');
UPDATE works_in SET to_date = '1980-3-9' WHERE emp_no = 54361 AND from_date = '1980-3-9';
INSERT INTO dept_manager VALUES ('0003', 54361, '1980-3-9', null);
INSERT INTO works_in VALUES (54361, '0003', '1980-3-9', null);
INSERT INTO titles VALUES ( '54361', 'Tech Lev 2', '1980-3-24');
UPDATE dept_manager SET to_date = '1980-5-25' WHERE emp_no = 54348 AND from_date = '1977-4-8';
UPDATE works_in SET to_date = '1980-5-25' WHERE emp_no = 54348 AND from_date = '1977-4-8';
INSERT INTO works_in VALUES (54348, '0005', '1980-5-25', null);
INSERT INTO employees VALUES (54362, '1959-8-11', 'Kitty', 'Karamazov', '1980-6-27');
INSERT INTO salaries VALUES ('54362', 14139, '1980-6-27');
INSERT INTO titles VALUES ( '54362', 'Tech Lev 1', '1980-6-27');
UPDATE works_in SET to_date = '1980-6-27' WHERE emp_no = 54362 AND from_date = '1980-6-27';
INSERT INTO works_in VALUES (54362, '0013', '1980-6-27', null);
INSERT INTO employees VALUES (54363, '1959-8-19', 'Rachel', 'Gyser', '1980-7-7');
INSERT INTO salaries VALUES ('54363', 12341, '1980-7-7');
INSERT INTO titles VALUES ( '54363', 'Tech Lev 1', '1980-7-7');
UPDATE works_in SET to_date = '1980-7-7' WHERE emp_no = 54363 AND from_date = '1980-7-7';
INSERT INTO works_in VALUES (54363, '0002', '1980-7-7', null);
INSERT INTO titles VALUES ( '54322', 'Programmer Lev 2', '1980-7-9');
INSERT INTO employees VALUES (54364, '1959-10-17', 'Zelda', 'Einstein', '1980-7-26');
INSERT INTO salaries VALUES ('54364', 20270, '1980-7-26');
INSERT INTO titles VALUES ( '54364', 'Tech Lev 1', '1980-7-26');
UPDATE works_in SET to_date = '1980-7-26' WHERE emp_no = 54364 AND from_date = '1980-7-26';
INSERT INTO works_in VALUES (54364, '0008', '1980-7-26', null);
INSERT INTO employees VALUES (54365, '1960-1-28', 'Ivan', 'Diaz', '1980-10-4');
INSERT INTO salaries VALUES ('54365', 23051, '1980-10-4');
INSERT INTO titles VALUES ( '54365', 'Tech Lev 1', '1980-10-4');
UPDATE works_in SET to_date = '1980-10-4' WHERE emp_no = 54365 AND from_date = '1980-10-4';
INSERT INTO works_in VALUES (54365, '0011', '1980-10-4', null);
UPDATE works_in SET to_date = '1980-12-4' WHERE emp_no = 54324 AND from_date = '1980-1-11';
INSERT INTO works_in VALUES (54324, '0002', '1980-12-4', null);
UPDATE works_in SET to_date = '1981-1-11' WHERE emp_no = 54362 AND from_date = '1980-6-27';
INSERT INTO works_in VALUES (54362, '0005', '1981-1-11', null);
INSERT INTO titles VALUES ( '54328', 'Senior Architecht', '1981-1-14');
INSERT INTO employees VALUES (54366, '1960-2-20', 'Anna', 'Cameron', '1981-1-21');
INSERT INTO salaries VALUES ('54366', 27130, '1981-1-21');
INSERT INTO titles VALUES ( '54366', 'Tech Lev 1', '1981-1-21');
UPDATE works_in SET to_date = '1981-1-21' WHERE emp_no = 54366 AND from_date = '1981-1-21';
INSERT INTO works_in VALUES (54366, '0004', '1981-1-21', null);
UPDATE dept_manager SET to_date = '1981-2-2' WHERE emp_no = 54332 AND from_date = '1972-3-8';
UPDATE works_in SET to_date = '1981-2-2' WHERE emp_no = 54332 AND from_date = '1972-3-8';
INSERT INTO dept_manager VALUES ('0009', 54332, '1981-2-2', null);
INSERT INTO works_in VALUES (54332, '0009', '1981-2-2', null);
INSERT INTO employees VALUES (54367, '1960-5-22', 'Tanya', 'Hyte', '1981-3-19');
INSERT INTO salaries VALUES ('54367', 10368, '1981-3-19');
INSERT INTO titles VALUES ( '54367', 'Tech Lev 1', '1981-3-19');
UPDATE works_in SET to_date = '1981-3-19' WHERE emp_no = 54367 AND from_date = '1981-3-19';
INSERT INTO works_in VALUES (54367, '0007', '1981-3-19', null);
INSERT INTO employees VALUES (54368, '1960-8-15', 'Nathan', 'Waxman', '1981-5-11');
INSERT INTO salaries VALUES ('54368', 15682, '1981-5-11');
INSERT INTO titles VALUES ( '54368', 'Tech Lev 1', '1981-5-11');
UPDATE works_in SET to_date = '1981-5-11' WHERE emp_no = 54368 AND from_date = '1981-5-11';
INSERT INTO works_in VALUES (54368, '0005', '1981-5-11', null);
INSERT INTO employees VALUES (54369, '1960-9-16', 'Charlotte', 'Mason', '1981-5-16');
INSERT INTO salaries VALUES ('54369', 30094, '1981-5-16');
INSERT INTO titles VALUES ( '54369', 'Tech Lev 1', '1981-5-16');
UPDATE works_in SET to_date = '1981-5-16' WHERE emp_no = 54369 AND from_date = '1981-5-16';
INSERT INTO works_in VALUES (54369, '0013', '1981-5-16', null);
INSERT INTO titles VALUES ( '54352', 'Tech Lev 2', '1981-5-22');
INSERT INTO employees VALUES (54370, '1961-1-12', 'Kyle', 'Feynman', '1981-6-2');
INSERT INTO salaries VALUES ('54370', 38860, '1981-6-2');
INSERT INTO titles VALUES ( '54370', 'Tech Lev 1', '1981-6-2');
UPDATE works_in SET to_date = '1981-6-2' WHERE emp_no = 54370 AND from_date = '1981-6-2';
INSERT INTO works_in VALUES (54370, '0002', '1981-6-2', null);
INSERT INTO employees VALUES (54371, '1961-6-8', 'Felicity', 'Oblansky', '1981-7-15');
INSERT INTO salaries VALUES ('54371', 41457, '1981-7-15');
INSERT INTO titles VALUES ( '54371', 'Tech Lev 1', '1981-7-15');
UPDATE works_in SET to_date = '1981-7-15' WHERE emp_no = 54371 AND from_date = '1981-7-15';
INSERT INTO works_in VALUES (54371, '0009', '1981-7-15', null);
INSERT INTO employees VALUES (54372, '1961-7-17', 'Rachel', 'Karamazov', '1981-8-11');
INSERT INTO salaries VALUES ('54372', 37431, '1981-8-11');
INSERT INTO titles VALUES ( '54372', 'Tech Lev 1', '1981-8-11');
UPDATE works_in SET to_date = '1981-8-11' WHERE emp_no = 54372 AND from_date = '1981-8-11';
INSERT INTO dept_manager VALUES ('0000', 54372, '1981-8-11', null);
INSERT INTO works_in VALUES (54372, '0000', '1981-8-11', null);
INSERT INTO titles VALUES ( '54340', 'Tech Lev 2', '1981-10-16');
UPDATE works_in SET to_date = '1981-12-2' WHERE emp_no = 54369 AND from_date = '1981-5-16';
INSERT INTO works_in VALUES (54369, '0001', '1981-12-2', null);
UPDATE works_in SET to_date = '1982-1-10' WHERE emp_no = 54364 AND from_date = '1980-7-26';
INSERT INTO works_in VALUES (54364, '0010', '1982-1-10', null);
INSERT INTO titles VALUES ( '54356', 'Tech Lev 2', '1982-1-26');
INSERT INTO titles VALUES ( '54325', 'Programmer Lev 2', '1982-1-27');
INSERT INTO titles VALUES ( '54361', 'Programmer Lev 1', '1982-2-22');
UPDATE works_in SET to_date = '1982-3-25' WHERE emp_no = 54336 AND from_date = '1978-10-5';
INSERT INTO works_in VALUES (54336, '0006', '1982-3-25', null);
INSERT INTO titles VALUES ( '54364', 'Tech Lev 2', '1982-5-27');
INSERT INTO employees VALUES (54373, '1961-9-2', 'Lindsay', 'Vanderhund', '1982-6-23');
INSERT INTO salaries VALUES ('54373', 11118, '1982-6-23');
INSERT INTO titles VALUES ( '54373', 'Tech Lev 1', '1982-6-23');
UPDATE works_in SET to_date = '1982-6-23' WHERE emp_no = 54373 AND from_date = '1982-6-23';
INSERT INTO works_in VALUES (54373, '0009', '1982-6-23', null);
INSERT INTO employees VALUES (54374, '1961-12-10', 'Charlotte', 'Tileman', '1982-7-6');
INSERT INTO salaries VALUES ('54374', 58905, '1982-7-6');
INSERT INTO titles VALUES ( '54374', 'Tech Lev 1', '1982-7-6');
UPDATE works_in SET to_date = '1982-7-6' WHERE emp_no = 54374 AND from_date = '1982-7-6';
INSERT INTO works_in VALUES (54374, '0010', '1982-7-6', null);
UPDATE works_in SET to_date = '1982-8-18' WHERE emp_no = 54346 AND from_date = '1977-6-20';
INSERT INTO works_in VALUES (54346, '0005', '1982-8-18', null);
INSERT INTO titles VALUES ( '54351', 'Tech Lev 2', '1982-12-7');
UPDATE works_in SET to_date = '1982-12-14' WHERE emp_no = 54331 AND from_date = '1972-11-26';
INSERT INTO works_in VALUES (54331, '0004', '1982-12-14', null);
INSERT INTO employees VALUES (54375, '1961-12-15', 'Felicity', 'Yewbeam', '1983-2-14');
INSERT INTO salaries VALUES ('54375', 14376, '1983-2-14');
INSERT INTO titles VALUES ( '54375', 'Tech Lev 1', '1983-2-14');
UPDATE works_in SET to_date = '1983-2-14' WHERE emp_no = 54375 AND from_date = '1983-2-14';
INSERT INTO works_in VALUES (54375, '0010', '1983-2-14', null);
UPDATE works_in SET to_date = '1983-2-19' WHERE emp_no = 54371 AND from_date = '1981-7-15';
INSERT INTO works_in VALUES (54371, '0001', '1983-2-19', null);
UPDATE works_in SET to_date = '1983-3-2' WHERE emp_no = 54325 AND from_date = '1977-6-5';
INSERT INTO works_in VALUES (54325, '0001', '1983-3-2', null);
INSERT INTO employees VALUES (54376, '1962-3-8', 'Yvonne', 'Hyte', '1983-3-12');
INSERT INTO salaries VALUES ('54376', 51642, '1983-3-12');
INSERT INTO titles VALUES ( '54376', 'Tech Lev 1', '1983-3-12');
UPDATE works_in SET to_date = '1983-3-12' WHERE emp_no = 54376 AND from_date = '1983-3-12';
INSERT INTO works_in VALUES (54376, '0013', '1983-3-12', null);
INSERT INTO titles VALUES ( '54349', 'Programmer Lev 1', '1983-5-18');
INSERT INTO employees VALUES (54377, '1963-3-15', 'Paul', 'Pierce', '1983-6-27');
INSERT INTO salaries VALUES ('54377', 56525, '1983-6-27');
INSERT INTO titles VALUES ( '54377', 'Tech Lev 1', '1983-6-27');
UPDATE works_in SET to_date = '1983-6-27' WHERE emp_no = 54377 AND from_date = '1983-6-27';
INSERT INTO dept_manager VALUES ('0008', 54377, '1983-6-27', null);
INSERT INTO works_in VALUES (54377, '0008', '1983-6-27', null);
INSERT INTO titles VALUES ( '54346', 'Tech Lev 2', '1983-9-26');
INSERT INTO employees VALUES (54378, '1963-8-26', 'Ursula', 'Waxman', '1983-11-14');
INSERT INTO salaries VALUES ('54378', 49186, '1983-11-14');
INSERT INTO titles VALUES ( '54378', 'Tech Lev 1', '1983-11-14');
UPDATE works_in SET to_date = '1983-11-14' WHERE emp_no = 54378 AND from_date = '1983-11-14';
INSERT INTO works_in VALUES (54378, '0011', '1983-11-14', null);
UPDATE works_in SET to_date = '1984-2-18' WHERE emp_no = 54371 AND from_date = '1983-2-19';
INSERT INTO works_in VALUES (54371, '0000', '1984-2-18', null);
UPDATE works_in SET to_date = '1984-5-2' WHERE emp_no = 54376 AND from_date = '1983-3-12';
INSERT INTO works_in VALUES (54376, '0002', '1984-5-2', null);
UPDATE dept_manager SET to_date = '1984-9-10' WHERE emp_no = 54323 AND from_date = '1971-6-9';
UPDATE works_in SET to_date = '1984-9-10' WHERE emp_no = 54323 AND from_date = '1971-6-9';
INSERT INTO works_in VALUES (54323, '0001', '1984-9-10', null);
INSERT INTO employees VALUES (54379, '1964-12-4', 'Lindsay', 'Linderman', '1985-1-5');
INSERT INTO salaries VALUES ('54379', 26557, '1985-1-5');
INSERT INTO titles VALUES ( '54379', 'Tech Lev 1', '1985-1-5');
UPDATE works_in SET to_date = '1985-1-5' WHERE emp_no = 54379 AND from_date = '1985-1-5';
INSERT INTO works_in VALUES (54379, '0008', '1985-1-5', null);
UPDATE works_in SET to_date = '1985-2-13' WHERE emp_no = 54355 AND from_date = '1978-8-7';
INSERT INTO works_in VALUES (54355, '0000', '1985-2-13', null);
INSERT INTO employees VALUES (54380, '1965-3-16', 'Xander', 'Tileman', '1985-4-2');
INSERT INTO salaries VALUES ('54380', 38909, '1985-4-2');
INSERT INTO titles VALUES ( '54380', 'Tech Lev 1', '1985-4-2');
UPDATE works_in SET to_date = '1985-4-2' WHERE emp_no = 54380 AND from_date = '1985-4-2';
INSERT INTO works_in VALUES (54380, '0002', '1985-4-2', null);
INSERT INTO titles VALUES ( '54361', 'Tech Lev 2', '1985-4-24');
INSERT INTO titles VALUES ( '54339', 'Tech Lev 2', '1985-9-13');
INSERT INTO titles VALUES ( '54330', 'Junior Architecht', '1985-11-13');
INSERT INTO employees VALUES (54381, '1965-6-13', 'Mary', 'Scherbatsky', '1985-11-22');
INSERT INTO salaries VALUES ('54381', 15205, '1985-11-22');
INSERT INTO titles VALUES ( '54381', 'Tech Lev 1', '1985-11-22');
UPDATE works_in SET to_date = '1985-11-22' WHERE emp_no = 54381 AND from_date = '1985-11-22';
INSERT INTO works_in VALUES (54381, '0011', '1985-11-22', null);
UPDATE works_in SET to_date = '1986-1-13' WHERE emp_no = 54368 AND from_date = '1981-5-11';
INSERT INTO works_in VALUES (54368, '0004', '1986-1-13', null);
INSERT INTO titles VALUES ( '54340', 'Programmer Lev 1', '1986-3-23');
UPDATE works_in SET to_date = '1986-5-28' WHERE emp_no = 54366 AND from_date = '1981-1-21';
INSERT INTO works_in VALUES (54366, '0008', '1986-5-28', null);
INSERT INTO employees VALUES (54382, '1966-2-23', 'Xander', 'Raskolnikov', '1986-6-12');
INSERT INTO salaries VALUES ('54382', 23667, '1986-6-12');
INSERT INTO titles VALUES ( '54382', 'Tech Lev 1', '1986-6-12');
UPDATE works_in SET to_date = '1986-6-12' WHERE emp_no = 54382 AND from_date = '1986-6-12';
INSERT INTO works_in VALUES (54382, '0011', '1986-6-12', null);
INSERT INTO titles VALUES ( '54367', 'Tech Lev 2', '1986-6-20');
UPDATE works_in SET to_date = '1986-8-4' WHERE emp_no = 54367 AND from_date = '1981-3-19';
INSERT INTO works_in VALUES (54367, '0000', '1986-8-4', null);
INSERT INTO titles VALUES ( '54340', 'Programmer Lev 2', '1986-8-12');
INSERT INTO employees VALUES (54383, '1966-10-12', 'Olivia', 'Anderson', '1986-11-11');
INSERT INTO salaries VALUES ('54383', 43217, '1986-11-11');
INSERT INTO titles VALUES ( '54383', 'Tech Lev 1', '1986-11-11');
UPDATE works_in SET to_date = '1986-11-11' WHERE emp_no = 54383 AND from_date = '1986-11-11';
INSERT INTO works_in VALUES (54383, '0007', '1986-11-11', null);
INSERT INTO titles VALUES ( '54357', 'Tech Lev 2', '1987-1-3');
INSERT INTO titles VALUES ( '54370', 'Tech Lev 2', '1987-1-12');
UPDATE works_in SET to_date = '1987-2-24' WHERE emp_no = 54337 AND from_date = '1973-8-7';
INSERT INTO works_in VALUES (54337, '0002', '1987-2-24', null);
UPDATE works_in SET to_date = '1987-3-14' WHERE emp_no = 54348 AND from_date = '1980-5-25';
INSERT INTO dept_manager VALUES ('0006', 54348, '1987-3-14', null);
INSERT INTO works_in VALUES (54348, '0006', '1987-3-14', null);
INSERT INTO employees VALUES (54384, '1967-1-20', 'Zelda', 'Linderman', '1987-4-7');
INSERT INTO salaries VALUES ('54384', 32357, '1987-4-7');
INSERT INTO titles VALUES ( '54384', 'Tech Lev 1', '1987-4-7');
UPDATE works_in SET to_date = '1987-4-7' WHERE emp_no = 54384 AND from_date = '1987-4-7';
INSERT INTO works_in VALUES (54384, '0007', '1987-4-7', null);
INSERT INTO titles VALUES ( '54379', 'Tech Lev 2', '1987-11-18');
INSERT INTO employees VALUES (54385, '1967-2-9', 'Yvonne', 'Oblansky', '1987-12-10');
INSERT INTO salaries VALUES ('54385', 25984, '1987-12-10');
INSERT INTO titles VALUES ( '54385', 'Tech Lev 1', '1987-12-10');
UPDATE works_in SET to_date = '1987-12-10' WHERE emp_no = 54385 AND from_date = '1987-12-10';
INSERT INTO works_in VALUES (54385, '0010', '1987-12-10', null);
UPDATE works_in SET to_date = '1988-1-3' WHERE emp_no = 54331 AND from_date = '1982-12-14';
INSERT INTO works_in VALUES (54331, '0000', '1988-1-3', null);
INSERT INTO employees VALUES (54386, '1967-5-11', 'Ursula', 'Jordan', '1988-2-9');
INSERT INTO salaries VALUES ('54386', 32192, '1988-2-9');
INSERT INTO titles VALUES ( '54386', 'Tech Lev 1', '1988-2-9');
UPDATE works_in SET to_date = '1988-2-9' WHERE emp_no = 54386 AND from_date = '1988-2-9';
INSERT INTO works_in VALUES (54386, '0006', '1988-2-9', null);
UPDATE works_in SET to_date = '1988-2-21' WHERE emp_no = 54354 AND from_date = '1978-4-20';
INSERT INTO works_in VALUES (54354, '0010', '1988-2-21', null);
INSERT INTO employees VALUES (54387, '1967-7-4', 'Kyle', 'Karamazov', '1988-3-6');
INSERT INTO salaries VALUES ('54387', 13185, '1988-3-6');
INSERT INTO titles VALUES ( '54387', 'Tech Lev 1', '1988-3-6');
UPDATE works_in SET to_date = '1988-3-6' WHERE emp_no = 54387 AND from_date = '1988-3-6';
INSERT INTO dept_manager VALUES ('0012', 54387, '1988-3-6', null);
INSERT INTO works_in VALUES (54387, '0012', '1988-3-6', null);
INSERT INTO employees VALUES (54388, '1967-10-22', 'Vanessa', 'Urx', '1988-7-23');
INSERT INTO salaries VALUES ('54388', 32318, '1988-7-23');
INSERT INTO titles VALUES ( '54388', 'Tech Lev 1', '1988-7-23');
UPDATE works_in SET to_date = '1988-7-23' WHERE emp_no = 54388 AND from_date = '1988-7-23';
INSERT INTO works_in VALUES (54388, '0013', '1988-7-23', null);
INSERT INTO titles VALUES ( '54356', 'Programmer Lev 1', '1988-10-24');
INSERT INTO titles VALUES ( '54358', 'Tech Lev 2', '1988-12-6');
INSERT INTO titles VALUES ( '54331', 'Programmer Lev 1', '1989-2-3');
UPDATE works_in SET to_date = '1989-2-10' WHERE emp_no = 54341 AND from_date = '1975-6-3';
INSERT INTO works_in VALUES (54341, '0007', '1989-2-10', null);
INSERT INTO employees VALUES (54389, '1967-11-12', 'Yvonne', 'Linderman', '1989-2-16');
INSERT INTO salaries VALUES ('54389', 46174, '1989-2-16');
INSERT INTO titles VALUES ( '54389', 'Tech Lev 1', '1989-2-16');
UPDATE works_in SET to_date = '1989-2-16' WHERE emp_no = 54389 AND from_date = '1989-2-16';
INSERT INTO works_in VALUES (54389, '0010', '1989-2-16', null);
UPDATE works_in SET to_date = '1989-5-13' WHERE emp_no = 54376 AND from_date = '1984-5-2';
INSERT INTO works_in VALUES (54376, '0006', '1989-5-13', null);
UPDATE works_in SET to_date = '1989-5-28' WHERE emp_no = 54342 AND from_date = '1975-9-25';
INSERT INTO works_in VALUES (54342, '0012', '1989-5-28', null);
INSERT INTO titles VALUES ( '54371', 'Tech Lev 2', '1989-7-5');
INSERT INTO titles VALUES ( '54327', 'Programmer Lev 1', '1989-7-28');
INSERT INTO employees VALUES (54390, '1968-10-20', 'Mary', 'Linderman', '1989-8-15');
INSERT INTO salaries VALUES ('54390', 43237, '1989-8-15');
INSERT INTO titles VALUES ( '54390', 'Tech Lev 1', '1989-8-15');
UPDATE works_in SET to_date = '1989-8-15' WHERE emp_no = 54390 AND from_date = '1989-8-15';
INSERT INTO works_in VALUES (54390, '0012', '1989-8-15', null);
INSERT INTO titles VALUES ( '54349', 'Programmer Lev 2', '1989-9-20');
INSERT INTO employees VALUES (54391, '1969-2-19', 'Zelda', 'Raskolnikov', '1989-10-4');
INSERT INTO salaries VALUES ('54391', 43428, '1989-10-4');
INSERT INTO titles VALUES ( '54391', 'Tech Lev 1', '1989-10-4');
UPDATE works_in SET to_date = '1989-10-4' WHERE emp_no = 54391 AND from_date = '1989-10-4';
INSERT INTO works_in VALUES (54391, '0005', '1989-10-4', null);
UPDATE works_in SET to_date = '1989-12-3' WHERE emp_no = 54362 AND from_date = '1981-1-11';
INSERT INTO works_in VALUES (54362, '0002', '1989-12-3', null);
UPDATE works_in SET to_date = '1989-12-26' WHERE emp_no = 54337 AND from_date = '1987-2-24';
INSERT INTO works_in VALUES (54337, '0010', '1989-12-26', null);
UPDATE works_in SET to_date = '1990-1-22' WHERE emp_no = 54382 AND from_date = '1986-6-12';
INSERT INTO works_in VALUES (54382, '0006', '1990-1-22', null);
INSERT INTO employees VALUES (54392, '1969-2-22', 'Heather', 'Waxman', '1990-6-20');
INSERT INTO salaries VALUES ('54392', 19630, '1990-6-20');
INSERT INTO titles VALUES ( '54392', 'Tech Lev 1', '1990-6-20');
UPDATE works_in SET to_date = '1990-6-20' WHERE emp_no = 54392 AND from_date = '1990-6-20';
INSERT INTO works_in VALUES (54392, '0010', '1990-6-20', null);
UPDATE works_in SET to_date = '1990-6-26' WHERE emp_no = 54382 AND from_date = '1990-1-22';
INSERT INTO works_in VALUES (54382, '0000', '1990-6-26', null);
INSERT INTO titles VALUES ( '54363', 'Tech Lev 2', '1990-9-7');
UPDATE works_in SET to_date = '1991-1-3' WHERE emp_no = 54333 AND from_date = '1979-3-23';
INSERT INTO works_in VALUES (54333, '0011', '1991-1-3', null);
INSERT INTO titles VALUES ( '54377', 'Tech Lev 2', '1991-2-10');
UPDATE works_in SET to_date = '1991-2-13' WHERE emp_no = 54323 AND from_date = '1984-9-10';
INSERT INTO works_in VALUES (54323, '0008', '1991-2-13', null);
INSERT INTO employees VALUES (54393, '1969-3-15', 'Yvonne', 'Jordan', '1991-2-24');
INSERT INTO salaries VALUES ('54393', 38149, '1991-2-24');
INSERT INTO titles VALUES ( '54393', 'Tech Lev 1', '1991-2-24');
UPDATE works_in SET to_date = '1991-2-24' WHERE emp_no = 54393 AND from_date = '1991-2-24';
INSERT INTO works_in VALUES (54393, '0003', '1991-2-24', null);
UPDATE works_in SET to_date = '1991-5-8' WHERE emp_no = 54359 AND from_date = '1979-9-26';
INSERT INTO works_in VALUES (54359, '0004', '1991-5-8', null);
INSERT INTO employees VALUES (54394, '1969-4-21', 'Vanessa', 'Tileman', '1991-5-18');
INSERT INTO salaries VALUES ('54394', 40754, '1991-5-18');
INSERT INTO titles VALUES ( '54394', 'Tech Lev 1', '1991-5-18');
UPDATE works_in SET to_date = '1991-5-18' WHERE emp_no = 54394 AND from_date = '1991-5-18';
INSERT INTO works_in VALUES (54394, '0003', '1991-5-18', null);
UPDATE works_in SET to_date = '1991-8-9' WHERE emp_no = 54331 AND from_date = '1988-1-3';
INSERT INTO works_in VALUES (54331, '0010', '1991-8-9', null);
INSERT INTO titles VALUES ( '54342', 'Tech Lev 1', '1991-10-17');
INSERT INTO titles VALUES ( '54367', 'Programmer Lev 1', '1991-10-28');
INSERT INTO titles VALUES ( '54349', 'Programmer Lev 1', '1992-2-6');
UPDATE works_in SET to_date = '1992-2-20' WHERE emp_no = 54363 AND from_date = '1980-7-7';
INSERT INTO works_in VALUES (54363, '0006', '1992-2-20', null);
UPDATE works_in SET to_date = '1992-3-16' WHERE emp_no = 54381 AND from_date = '1985-11-22';
INSERT INTO works_in VALUES (54381, '0006', '1992-3-16', null);
UPDATE works_in SET to_date = '1992-6-20' WHERE emp_no = 54382 AND from_date = '1990-6-26';
INSERT INTO works_in VALUES (54382, '0004', '1992-6-20', null);
INSERT INTO employees VALUES (54395, '1969-4-27', 'Heather', 'Raskolnikov', '1992-7-16');
INSERT INTO salaries VALUES ('54395', 38239, '1992-7-16');
INSERT INTO titles VALUES ( '54395', 'Tech Lev 1', '1992-7-16');
UPDATE works_in SET to_date = '1992-7-16' WHERE emp_no = 54395 AND from_date = '1992-7-16';
INSERT INTO works_in VALUES (54395, '0003', '1992-7-16', null);
INSERT INTO employees VALUES (54396, '1969-8-16', 'Mary', 'Belleci', '1992-10-4');
INSERT INTO salaries VALUES ('54396', 45707, '1992-10-4');
INSERT INTO titles VALUES ( '54396', 'Tech Lev 1', '1992-10-4');
UPDATE works_in SET to_date = '1992-10-4' WHERE emp_no = 54396 AND from_date = '1992-10-4';
INSERT INTO works_in VALUES (54396, '0003', '1992-10-4', null);
INSERT INTO employees VALUES (54397, '1970-4-2', 'Yvonne', 'Hyte', '1992-10-23');
INSERT INTO salaries VALUES ('54397', 31367, '1992-10-23');
INSERT INTO titles VALUES ( '54397', 'Tech Lev 1', '1992-10-23');
UPDATE works_in SET to_date = '1992-10-23' WHERE emp_no = 54397 AND from_date = '1992-10-23';
INSERT INTO works_in VALUES (54397, '0013', '1992-10-23', null);
UPDATE works_in SET to_date = '1992-11-14' WHERE emp_no = 54359 AND from_date = '1991-5-8';
INSERT INTO works_in VALUES (54359, '0001', '1992-11-14', null);
UPDATE dept_manager SET to_date = '1992-11-27' WHERE emp_no = 54387 AND from_date = '1988-3-6';
UPDATE works_in SET to_date = '1992-11-27' WHERE emp_no = 54387 AND from_date = '1988-3-6';
INSERT INTO works_in VALUES (54387, '0003', '1992-11-27', null);
INSERT INTO employees VALUES (54398, '1970-12-10', 'Kitty', 'Jordan', '1992-12-9');
INSERT INTO salaries VALUES ('54398', 51675, '1992-12-9');
INSERT INTO titles VALUES ( '54398', 'Tech Lev 1', '1992-12-9');
UPDATE works_in SET to_date = '1992-12-9' WHERE emp_no = 54398 AND from_date = '1992-12-9';
INSERT INTO works_in VALUES (54398, '0006', '1992-12-9', null);
INSERT INTO employees VALUES (54399, '1971-3-3', 'Samuel', 'Diaz', '1993-1-6');
INSERT INTO salaries VALUES ('54399', 12082, '1993-1-6');
INSERT INTO titles VALUES ( '54399', 'Tech Lev 1', '1993-1-6');
UPDATE works_in SET to_date = '1993-1-6' WHERE emp_no = 54399 AND from_date = '1993-1-6';
INSERT INTO works_in VALUES (54399, '0002', '1993-1-6', null);
UPDATE works_in SET to_date = '1993-4-26' WHERE emp_no = 54397 AND from_date = '1992-10-23';
INSERT INTO works_in VALUES (54397, '0009', '1993-4-26', null);
INSERT INTO employees VALUES (54400, '1972-7-11', 'Mary', 'Raskolnikov', '1993-5-7');
INSERT INTO salaries VALUES ('54400', 46942, '1993-5-7');
INSERT INTO titles VALUES ( '54400', 'Tech Lev 1', '1993-5-7');
UPDATE works_in SET to_date = '1993-5-7' WHERE emp_no = 54400 AND from_date = '1993-5-7';
INSERT INTO works_in VALUES (54400, '0000', '1993-5-7', null);
INSERT INTO titles VALUES ( '54331', 'Programmer Lev 2', '1993-6-9');
UPDATE works_in SET to_date = '1993-7-18' WHERE emp_no = 54351 AND from_date = '1977-12-20';
INSERT INTO works_in VALUES (54351, '0011', '1993-7-18', null);
UPDATE dept_manager SET to_date = '1993-11-12' WHERE emp_no = 54361 AND from_date = '1980-3-9';
UPDATE works_in SET to_date = '1993-11-12' WHERE emp_no = 54361 AND from_date = '1980-3-9';
INSERT INTO works_in VALUES (54361, '0000', '1993-11-12', null);
INSERT INTO titles VALUES ( '54384', 'Tech Lev 2', '1993-11-25');
INSERT INTO titles VALUES ( '54325', 'Junior Architecht', '1993-12-27');
UPDATE works_in SET to_date = '1994-4-19' WHERE emp_no = 54380 AND from_date = '1985-4-2';
INSERT INTO works_in VALUES (54380, '0000', '1994-4-19', null);
UPDATE dept_manager SET to_date = '1994-7-15' WHERE emp_no = 54348 AND from_date = '1987-3-14';
UPDATE works_in SET to_date = '1994-7-15' WHERE emp_no = 54348 AND from_date = '1987-3-14';
INSERT INTO works_in VALUES (54348, '0009', '1994-7-15', null);
UPDATE works_in SET to_date = '1994-9-12' WHERE emp_no = 54383 AND from_date = '1986-11-11';
INSERT INTO works_in VALUES (54383, '0009', '1994-9-12', null);
UPDATE works_in SET to_date = '1994-10-17' WHERE emp_no = 54348 AND from_date = '1994-7-15';
INSERT INTO dept_manager VALUES ('0003', 54348, '1994-10-17', null);
INSERT INTO works_in VALUES (54348, '0003', '1994-10-17', null);
UPDATE works_in SET to_date = '1995-1-11' WHERE emp_no = 54387 AND from_date = '1992-11-27';
INSERT INTO works_in VALUES (54387, '0005', '1995-1-11', null);
INSERT INTO titles VALUES ( '54340', 'Junior Architecht', '1995-1-28');
INSERT INTO titles VALUES ( '54356', 'Programmer Lev 2', '1995-3-3');
INSERT INTO titles VALUES ( '54356', 'Junior Architecht', '1995-4-14');
UPDATE works_in SET to_date = '1995-7-26' WHERE emp_no = 54399 AND from_date = '1993-1-6';
INSERT INTO works_in VALUES (54399, '0010', '1995-7-26', null);
INSERT INTO titles VALUES ( '54395', 'Tech Lev 2', '1995-10-17');
UPDATE works_in SET to_date = '1996-5-18' WHERE emp_no = 54380 AND from_date = '1994-4-19';
INSERT INTO works_in VALUES (54380, '0011', '1996-5-18', null);
UPDATE works_in SET to_date = '1996-7-3' WHERE emp_no = 54380 AND from_date = '1996-5-18';
INSERT INTO works_in VALUES (54380, '0007', '1996-7-3', null);
INSERT INTO employees VALUES (54401, '1975-7-9', 'Heather', 'Einstein', '1996-7-14');
INSERT INTO salaries VALUES ('54401', 55220, '1996-7-14');
INSERT INTO titles VALUES ( '54401', 'Tech Lev 1', '1996-7-14');
UPDATE works_in SET to_date = '1996-7-14' WHERE emp_no = 54401 AND from_date = '1996-7-14';
INSERT INTO works_in VALUES (54401, '0003', '1996-7-14', null);
INSERT INTO titles VALUES ( '54392', 'Tech Lev 2', '1996-7-18');
UPDATE works_in SET to_date = '1996-8-16' WHERE emp_no = 54334 AND from_date = '1976-4-16';
INSERT INTO works_in VALUES (54334, '0001', '1996-8-16', null);
UPDATE works_in SET to_date = '1996-11-18' WHERE emp_no = 54362 AND from_date = '1989-12-3';
INSERT INTO works_in VALUES (54362, '0004', '1996-11-18', null);
INSERT INTO titles VALUES ( '54372', 'Tech Lev 2', '1996-12-16');
UPDATE works_in SET to_date = '1997-4-18' WHERE emp_no = 54387 AND from_date = '1995-1-11';
INSERT INTO works_in VALUES (54387, '0002', '1997-4-18', null);
INSERT INTO titles VALUES ( '54324', 'Junior Architecht', '1997-5-22');
INSERT INTO titles VALUES ( '54363', 'Programmer Lev 1', '1997-8-16');
INSERT INTO titles VALUES ( '54349', 'Programmer Lev 2', '1997-10-14');
UPDATE works_in SET to_date = '1997-12-24' WHERE emp_no = 54352 AND from_date = '1978-2-11';
INSERT INTO works_in VALUES (54352, '0013', '1997-12-24', null);
INSERT INTO titles VALUES ( '54369', 'Tech Lev 2', '1998-1-14');
INSERT INTO titles VALUES ( '54359', 'Tech Lev 2', '1998-2-12');
INSERT INTO titles VALUES ( '54381', 'Tech Lev 2', '1998-3-2');
INSERT INTO titles VALUES ( '54369', 'Programmer Lev 1', '1998-9-9');
INSERT INTO titles VALUES ( '54382', 'Tech Lev 2', '1998-12-3');
INSERT INTO titles VALUES ( '54339', 'Programmer Lev 1', '1999-1-8');
INSERT INTO titles VALUES ( '54352', 'Programmer Lev 1', '1999-3-10');
UPDATE dept_manager SET to_date = '1999-5-6' WHERE emp_no = 54347 AND from_date = '1977-12-28';
UPDATE works_in SET to_date = '1999-5-6' WHERE emp_no = 54347 AND from_date = '1977-12-28';
INSERT INTO works_in VALUES (54347, '0004', '1999-5-6', null);
INSERT INTO titles VALUES ( '54332', 'Tech Lev 2', '2000-1-7');
UPDATE works_in SET to_date = '2000-1-24' WHERE emp_no = 54398 AND from_date = '1992-12-9';
INSERT INTO works_in VALUES (54398, '0009', '2000-1-24', null);
INSERT INTO titles VALUES ( '54334', 'Programmer Lev 2', '2000-2-8');
INSERT INTO titles VALUES ( '54374', 'Tech Lev 2', '2000-2-25');
INSERT INTO titles VALUES ( '54324', 'Senior Architecht', '2000-5-7');
UPDATE works_in SET to_date = '2000-5-15' WHERE emp_no = 54336 AND from_date = '1982-3-25';
INSERT INTO works_in VALUES (54336, '0004', '2000-5-15', null);
INSERT INTO titles VALUES ( '54397', 'Tech Lev 2', '2000-9-3');
UPDATE dept_manager SET to_date = '2000-12-21' WHERE emp_no = 54339 AND from_date = '1974-2-2';
UPDATE works_in SET to_date = '2000-12-21' WHERE emp_no = 54339 AND from_date = '1974-2-2';
INSERT INTO works_in VALUES (54339, '0011', '2000-12-21', null);
UPDATE works_in SET to_date = '2001-1-19' WHERE emp_no = 54358 AND from_date = '1979-8-17';
INSERT INTO dept_manager VALUES ('0006', 54358, '2001-1-19', null);
INSERT INTO works_in VALUES (54358, '0006', '2001-1-19', null);
INSERT INTO titles VALUES ( '54351', 'Programmer Lev 1', '2001-3-13');
UPDATE works_in SET to_date = '2001-3-15' WHERE emp_no = 54337 AND from_date = '1989-12-26';
INSERT INTO works_in VALUES (54337, '0001', '2001-3-15', null);
INSERT INTO employees VALUES (54402, '1981-7-16', 'William', 'Einstein', '2001-7-27');
INSERT INTO salaries VALUES ('54402', 10368, '2001-7-27');
INSERT INTO titles VALUES ( '54402', 'Tech Lev 1', '2001-7-27');
UPDATE works_in SET to_date = '2001-7-27' WHERE emp_no = 54402 AND from_date = '2001-7-27';
INSERT INTO dept_manager VALUES ('0005', 54402, '2001-7-27', null);
INSERT INTO works_in VALUES (54402, '0005', '2001-7-27', null);
INSERT INTO titles VALUES ( '54344', 'Programmer Lev 1', '2001-9-20');
INSERT INTO titles VALUES ( '54335', 'Programmer Lev 1', '2001-10-22');
UPDATE works_in SET to_date = '2001-11-2' WHERE emp_no = 54346 AND from_date = '1982-8-18';
INSERT INTO works_in VALUES (54346, '0006', '2001-11-2', null);
INSERT INTO titles VALUES ( '54371', 'Tech Lev 1', '2002-5-13');
UPDATE works_in SET to_date = '2002-7-9' WHERE emp_no = 54349 AND from_date = '1978-7-11';
INSERT INTO works_in VALUES (54349, '0007', '2002-7-9', null);
UPDATE works_in SET to_date = '2002-7-12' WHERE emp_no = 54365 AND from_date = '1980-10-4';
INSERT INTO works_in VALUES (54365, '0001', '2002-7-12', null);
INSERT INTO titles VALUES ( '54391', 'Tech Lev 2', '2002-9-27');
UPDATE works_in SET to_date = '2002-11-11' WHERE emp_no = 54392 AND from_date = '1990-6-20';
INSERT INTO works_in VALUES (54392, '0011', '2002-11-11', null);
UPDATE works_in SET to_date = '2002-11-17' WHERE emp_no = 54344 AND from_date = '1976-1-12';
INSERT INTO dept_manager VALUES ('0002', 54344, '2002-11-17', null);
INSERT INTO works_in VALUES (54344, '0002', '2002-11-17', null);
INSERT INTO titles VALUES ( '54348', 'Tech Lev 2', '2002-11-25');
UPDATE works_in SET to_date = '2003-4-23' WHERE emp_no = 54390 AND from_date = '1989-8-15';
INSERT INTO works_in VALUES (54390, '0005', '2003-4-23', null);
INSERT INTO titles VALUES ( '54388', 'Tech Lev 2', '2003-8-12');
INSERT INTO titles VALUES ( '54339', 'Programmer Lev 2', '2003-8-19');
INSERT INTO titles VALUES ( '54364', 'Programmer Lev 1', '2003-10-4');
INSERT INTO employees VALUES (54403, '1983-7-5', 'Ursula', 'Belleci', '2003-10-5');
INSERT INTO salaries VALUES ('54403', 49309, '2003-10-5');
INSERT INTO titles VALUES ( '54403', 'Tech Lev 1', '2003-10-5');
UPDATE works_in SET to_date = '2003-10-5' WHERE emp_no = 54403 AND from_date = '2003-10-5';
INSERT INTO works_in VALUES (54403, '0006', '2003-10-5', null);
INSERT INTO titles VALUES ( '54377', 'Programmer Lev 1', '2003-11-14');
INSERT INTO employees VALUES (54404, '1983-11-27', 'Alice', 'Scherbatsky', '2003-12-6');
INSERT INTO salaries VALUES ('54404', 19583, '2003-12-6');
INSERT INTO titles VALUES ( '54404', 'Tech Lev 1', '2003-12-6');
UPDATE works_in SET to_date = '2003-12-6' WHERE emp_no = 54404 AND from_date = '2003-12-6';
INSERT INTO works_in VALUES (54404, '0008', '2003-12-6', null);
INSERT INTO titles VALUES ( '54365', 'Tech Lev 2', '2004-1-11');
INSERT INTO titles VALUES ( '54357', 'Programmer Lev 1', '2004-1-17');
UPDATE dept_manager SET to_date = '2004-2-21' WHERE emp_no = 54328 AND from_date = '1971-2-23';
UPDATE works_in SET to_date = '2004-2-21' WHERE emp_no = 54328 AND from_date = '1971-2-23';
INSERT INTO dept_manager VALUES ('0012', 54328, '2004-2-21', null);
INSERT INTO works_in VALUES (54328, '0012', '2004-2-21', null);
UPDATE works_in SET to_date = '2004-4-21' WHERE emp_no = 54342 AND from_date = '1989-5-28';
INSERT INTO works_in VALUES (54342, '0000', '2004-4-21', null);
INSERT INTO titles VALUES ( '54367', 'Programmer Lev 2', '2004-5-10');
UPDATE works_in SET to_date = '2004-5-12' WHERE emp_no = 54323 AND from_date = '1991-2-13';
INSERT INTO works_in VALUES (54323, '0003', '2004-5-12', null);
UPDATE works_in SET to_date = '2004-6-6' WHERE emp_no = 54333 AND from_date = '1991-1-3';
INSERT INTO works_in VALUES (54333, '0005', '2004-6-6', null);
INSERT INTO titles VALUES ( '54390', 'Tech Lev 2', '2004-6-7');
INSERT INTO titles VALUES ( '54346', 'Programmer Lev 1', '2004-8-13');
UPDATE works_in SET to_date = '2004-8-17' WHERE emp_no = 54381 AND from_date = '1992-3-16';
INSERT INTO works_in VALUES (54381, '0002', '2004-8-17', null);
UPDATE works_in SET to_date = '2004-9-15' WHERE emp_no = 54345 AND from_date = '1976-9-14';
INSERT INTO works_in VALUES (54345, '0002', '2004-9-15', null);
INSERT INTO employees VALUES (54405, '1984-2-23', 'Samuel', 'Tileman', '2004-9-19');
INSERT INTO salaries VALUES ('54405', 20233, '2004-9-19');
INSERT INTO titles VALUES ( '54405', 'Tech Lev 1', '2004-9-19');
UPDATE works_in SET to_date = '2004-9-19' WHERE emp_no = 54405 AND from_date = '2004-9-19';
INSERT INTO dept_manager VALUES ('0007', 54405, '2004-9-19', null);
INSERT INTO works_in VALUES (54405, '0007', '2004-9-19', null);
INSERT INTO employees VALUES (54406, '1984-5-14', 'Jada', 'Scherbatsky', '2004-10-27');
INSERT INTO salaries VALUES ('54406', 33500, '2004-10-27');
INSERT INTO titles VALUES ( '54406', 'Tech Lev 1', '2004-10-27');
UPDATE works_in SET to_date = '2004-10-27' WHERE emp_no = 54406 AND from_date = '2004-10-27';
INSERT INTO works_in VALUES (54406, '0000', '2004-10-27', null);
INSERT INTO titles VALUES ( '54367', 'Junior Architecht', '2004-11-9');
UPDATE works_in SET to_date = '2005-2-25' WHERE emp_no = 54392 AND from_date = '2002-11-11';
INSERT INTO works_in VALUES (54392, '0009', '2005-2-25', null);
UPDATE works_in SET to_date = '2005-2-26' WHERE emp_no = 54397 AND from_date = '1993-4-26';
INSERT INTO works_in VALUES (54397, '0000', '2005-2-26', null);
INSERT INTO employees VALUES (54407, '1985-2-14', 'Kitty', 'Pierce', '2005-3-22');
INSERT INTO salaries VALUES ('54407', 22187, '2005-3-22');
INSERT INTO titles VALUES ( '54407', 'Tech Lev 1', '2005-3-22');
UPDATE works_in SET to_date = '2005-3-22' WHERE emp_no = 54407 AND from_date = '2005-3-22';
INSERT INTO works_in VALUES (54407, '0002', '2005-3-22', null);
INSERT INTO titles VALUES ( '54355', 'Tech Lev 2', '2005-4-16');
INSERT INTO titles VALUES ( '54352', 'Programmer Lev 2', '2005-5-4');
UPDATE works_in SET to_date = '2005-5-24' WHERE emp_no = 54394 AND from_date = '1991-5-18';
INSERT INTO works_in VALUES (54394, '0005', '2005-5-24', null);
INSERT INTO titles VALUES ( '54348', 'Programmer Lev 1', '2005-7-7');
INSERT INTO employees VALUES (54408, '1985-2-16', 'Lindsay', 'Einstein', '2005-7-16');
INSERT INTO salaries VALUES ('54408', 24210, '2005-7-16');
INSERT INTO titles VALUES ( '54408', 'Tech Lev 1', '2005-7-16');
UPDATE works_in SET to_date = '2005-7-16' WHERE emp_no = 54408 AND from_date = '2005-7-16';
INSERT INTO works_in VALUES (54408, '0003', '2005-7-16', null);
INSERT INTO titles VALUES ( '54360', 'Tech Lev 2', '2005-7-22');
INSERT INTO titles VALUES ( '54395', 'Programmer Lev 1', '2005-8-10');
INSERT INTO employees VALUES (54409, '1985-4-6', 'Ivan', 'Cameron', '2005-9-4');
INSERT INTO salaries VALUES ('54409', 56535, '2005-9-4');
INSERT INTO titles VALUES ( '54409', 'Tech Lev 1', '2005-9-4');
UPDATE works_in SET to_date = '2005-9-4' WHERE emp_no = 54409 AND from_date = '2005-9-4';
INSERT INTO works_in VALUES (54409, '0005', '2005-9-4', null);
INSERT INTO titles VALUES ( '54363', 'Programmer Lev 2', '2005-10-19');
UPDATE works_in SET to_date = '2005-12-23' WHERE emp_no = 54356 AND from_date = '1978-11-7';
INSERT INTO works_in VALUES (54356, '0001', '2005-12-23', null);
UPDATE works_in SET to_date = '2006-2-7' WHERE emp_no = 54336 AND from_date = '2000-5-15';
INSERT INTO works_in VALUES (54336, '0013', '2006-2-7', null);
INSERT INTO titles VALUES ( '54374', 'Programmer Lev 1', '2006-2-13');
UPDATE works_in SET to_date = '2006-3-8' WHERE emp_no = 54336 AND from_date = '2006-2-7';
INSERT INTO works_in VALUES (54336, '0009', '2006-3-8', null);
UPDATE works_in SET to_date = '2006-3-11' WHERE emp_no = 54368 AND from_date = '1986-1-13';
INSERT INTO works_in VALUES (54368, '0012', '2006-3-11', null);
UPDATE works_in SET to_date = '2006-3-20' WHERE emp_no = 54330 AND from_date = '1976-2-21';
INSERT INTO works_in VALUES (54330, '0008', '2006-3-20', null);
UPDATE works_in SET to_date = '2006-4-23' WHERE emp_no = 54338 AND from_date = '1973-12-8';
INSERT INTO works_in VALUES (54338, '0006', '2006-4-23', null);
UPDATE works_in SET to_date = '2006-5-12' WHERE emp_no = 54370 AND from_date = '1981-6-2';
INSERT INTO works_in VALUES (54370, '0005', '2006-5-12', null);
UPDATE works_in SET to_date = '2006-7-22' WHERE emp_no = 54385 AND from_date = '1987-12-10';
INSERT INTO works_in VALUES (54385, '0002', '2006-7-22', null);
INSERT INTO titles VALUES ( '54358', 'Programmer Lev 1', '2006-12-7');
UPDATE works_in SET to_date = '2007-3-26' WHERE emp_no = 54346 AND from_date = '2001-11-2';
INSERT INTO works_in VALUES (54346, '0002', '2007-3-26', null);
UPDATE works_in SET to_date = '2007-6-8' WHERE emp_no = 54378 AND from_date = '1983-11-14';
INSERT INTO works_in VALUES (54378, '0009', '2007-6-8', null);
UPDATE dept_manager SET to_date = '2007-6-27' WHERE emp_no = 54327 AND from_date = '1978-2-10';
UPDATE works_in SET to_date = '2007-6-27' WHERE emp_no = 54327 AND from_date = '1978-2-10';
INSERT INTO works_in VALUES (54327, '0010', '2007-6-27', null);
INSERT INTO titles VALUES ( '54336', 'Programmer Lev 2', '2007-7-9');
UPDATE works_in SET to_date = '2007-7-15' WHERE emp_no = 54390 AND from_date = '2003-4-23';
INSERT INTO works_in VALUES (54390, '0002', '2007-7-15', null);
INSERT INTO titles VALUES ( '54362', 'Tech Lev 2', '2007-8-5');
INSERT INTO titles VALUES ( '54332', 'Tech Lev 1', '2007-9-14');
INSERT INTO titles VALUES ( '54391', 'Programmer Lev 1', '2007-12-27');
UPDATE works_in SET to_date = '2008-3-27' WHERE emp_no = 54361 AND from_date = '1993-11-12';
INSERT INTO works_in VALUES (54361, '0007', '2008-3-27', null);
UPDATE works_in SET to_date = '2008-6-23' WHERE emp_no = 54399 AND from_date = '1995-7-26';
INSERT INTO works_in VALUES (54399, '0002', '2008-6-23', null);
UPDATE dept_manager SET to_date = '2008-7-8' WHERE emp_no = 54328 AND from_date = '2004-2-21';
UPDATE works_in SET to_date = '2008-7-8' WHERE emp_no = 54328 AND from_date = '2004-2-21';
INSERT INTO works_in VALUES (54328, '0008', '2008-7-8', null);
INSERT INTO titles VALUES ( '54362', 'Programmer Lev 1', '2008-12-15');
INSERT INTO titles VALUES ( '54326', 'Junior Architecht', '2009-1-27');
INSERT INTO titles VALUES ( '54338', 'Tech Lev 2', '2009-4-22');
UPDATE works_in SET to_date = '2009-6-16' WHERE emp_no = 54359 AND from_date = '1992-11-14';
INSERT INTO works_in VALUES (54359, '0004', '2009-6-16', null);
UPDATE works_in SET to_date = '2009-7-6' WHERE emp_no = 54368 AND from_date = '2006-3-11';
INSERT INTO works_in VALUES (54368, '0007', '2009-7-6', null);
INSERT INTO titles VALUES ( '54350', 'Tech Lev 2', '2009-7-9');
UPDATE works_in SET to_date = '2009-7-11' WHERE emp_no = 54365 AND from_date = '2002-7-12';
INSERT INTO works_in VALUES (54365, '0003', '2009-7-11', null);
INSERT INTO titles VALUES ( '54341', 'Tech Lev 2', '2009-8-21');
INSERT INTO titles VALUES ( '54385', 'Tech Lev 2', '2009-10-9');
UPDATE dept_manager SET to_date = '2009-10-10' WHERE emp_no = 54372 AND from_date = '1981-8-11';
UPDATE works_in SET to_date = '2009-10-10' WHERE emp_no = 54372 AND from_date = '1981-8-11';
INSERT INTO works_in VALUES (54372, '0001', '2009-10-10', null);
UPDATE works_in SET to_date = '2009-11-15' WHERE emp_no = 54401 AND from_date = '1996-7-14';
INSERT INTO works_in VALUES (54401, '0009', '2009-11-15', null);
UPDATE works_in SET to_date = '2009-12-14' WHERE emp_no = 54335 AND from_date = '1978-8-19';
INSERT INTO works_in VALUES (54335, '0010', '2009-12-14', null);
INSERT INTO titles VALUES ( '54344', 'Tech Lev 2', '2010-1-27');
INSERT INTO titles VALUES ( '54369', 'Programmer Lev 2', '2010-2-7');
INSERT INTO titles VALUES ( '54379', 'Programmer Lev 1', '2010-5-23');
INSERT INTO titles VALUES ( '54398', 'Tech Lev 2', '2010-6-27');
UPDATE works_in SET to_date = '2010-7-22' WHERE emp_no = 54375 AND from_date = '1983-2-14';
INSERT INTO works_in VALUES (54375, '0004', '2010-7-22', null);
UPDATE dept_manager SET to_date = '2010-8-15' WHERE emp_no = 54358 AND from_date = '2001-1-19';
UPDATE works_in SET to_date = '2010-8-15' WHERE emp_no = 54358 AND from_date = '2001-1-19';
INSERT INTO works_in VALUES (54358, '0009', '2010-8-15', null);
INSERT INTO titles VALUES ( '54351', 'Programmer Lev 2', '2010-10-25');
INSERT INTO titles VALUES ( '54386', 'Tech Lev 2', '2010-11-10');
INSERT INTO titles VALUES ( '54409', 'Tech Lev 2', '2010-12-25');
UPDATE works_in SET to_date = '2011-2-25' WHERE emp_no = 54403 AND from_date = '2003-10-5';
INSERT INTO works_in VALUES (54403, '0011', '2011-2-25', null);
INSERT INTO titles VALUES ( '54343', 'Programmer Lev 1', '2011-3-10');
UPDATE works_in SET to_date = '2011-3-13' WHERE emp_no = 54409 AND from_date = '2005-9-4';
INSERT INTO dept_manager VALUES ('0013', 54409, '2011-3-13', null);
INSERT INTO works_in VALUES (54409, '0013', '2011-3-13', null);
UPDATE dept_manager SET to_date = '2011-4-6' WHERE emp_no = 54332 AND from_date = '1981-2-2';
UPDATE works_in SET to_date = '2011-4-6' WHERE emp_no = 54332 AND from_date = '1981-2-2';
INSERT INTO works_in VALUES (54332, '0008', '2011-4-6', null);
UPDATE works_in SET to_date = '2011-4-8' WHERE emp_no = 54335 AND from_date = '2009-12-14';
INSERT INTO works_in VALUES (54335, '0002', '2011-4-8', null);
UPDATE works_in SET to_date = '2011-5-3' WHERE emp_no = 54360 AND from_date = '1980-1-25';
INSERT INTO works_in VALUES (54360, '0013', '2011-5-3', null);
INSERT INTO titles VALUES ( '54377', 'Programmer Lev 2', '2011-5-21');
INSERT INTO titles VALUES ( '54341', 'Programmer Lev 1', '2011-7-2');
INSERT INTO titles VALUES ( '54346', 'Programmer Lev 2', '2011-8-3');
UPDATE works_in SET to_date = '2011-10-9' WHERE emp_no = 54351 AND from_date = '1993-7-18';
INSERT INTO dept_manager VALUES ('0000', 54351, '2011-10-9', null);
INSERT INTO works_in VALUES (54351, '0000', '2011-10-9', null);
INSERT INTO titles VALUES ( '54405', 'Tech Lev 2', '2011-11-10');
INSERT INTO titles VALUES ( '54396', 'Tech Lev 2', '2011-11-26');
UPDATE works_in SET to_date = '2012-1-25' WHERE emp_no = 54334 AND from_date = '1996-8-16';
INSERT INTO works_in VALUES (54334, '0004', '2012-1-25', null);
INSERT INTO titles VALUES ( '54389', 'Tech Lev 2', '2012-1-28');
INSERT INTO titles VALUES ( '54324', 'Strategist', '2012-6-20');
INSERT INTO titles VALUES ( '54351', 'Junior Architecht', '2012-9-6');
INSERT INTO titles VALUES ( '54366', 'Tech Lev 2', '2012-12-3');
INSERT INTO titles VALUES ( '54398', 'Programmer Lev 1', '2012-12-23');
UPDATE works_in SET to_date = '2013-1-23' WHERE emp_no = 54322 AND from_date = '1974-10-19';
INSERT INTO dept_manager VALUES ('0012', 54322, '2013-1-23', null);
INSERT INTO works_in VALUES (54322, '0012', '2013-1-23', null);
UPDATE works_in SET to_date = '2013-5-4' WHERE emp_no = 54360 AND from_date = '2011-5-3';
INSERT INTO dept_manager VALUES ('0006', 54360, '2013-5-4', null);
INSERT INTO works_in VALUES (54360, '0006', '2013-5-4', null);
UPDATE works_in SET to_date = '2013-5-18' WHERE emp_no = 54368 AND from_date = '2009-7-6';
INSERT INTO works_in VALUES (54368, '0002', '2013-5-18', null);
INSERT INTO employees VALUES (54410, '1993-5-25', 'Ivan', 'Tileman', '2013-7-15');
INSERT INTO salaries VALUES ('54410', 58043, '2013-7-15');
INSERT INTO titles VALUES ( '54410', 'Tech Lev 1', '2013-7-15');
UPDATE works_in SET to_date = '2013-7-15' WHERE emp_no = 54410 AND from_date = '2013-7-15';
INSERT INTO works_in VALUES (54410, '0000', '2013-7-15', null);
UPDATE dept_manager SET to_date = '2013-7-19' WHERE emp_no = 54357 AND from_date = '1979-1-14';
UPDATE works_in SET to_date = '2013-7-19' WHERE emp_no = 54357 AND from_date = '1979-1-14';
INSERT INTO works_in VALUES (54357, '0000', '2013-7-19', null);
UPDATE works_in SET to_date = '2013-8-22' WHERE emp_no = 54384 AND from_date = '1987-4-7';
INSERT INTO works_in VALUES (54384, '0000', '2013-8-22', null);
UPDATE works_in SET to_date = '2014-3-11' WHERE emp_no = 54328 AND from_date = '2008-7-8';
INSERT INTO dept_manager VALUES ('0001', 54328, '2014-3-11', null);
INSERT INTO works_in VALUES (54328, '0001', '2014-3-11', null);
INSERT INTO employees VALUES (54411, '1994-3-19', 'Zelda', 'Belleci', '2014-4-11');
INSERT INTO salaries VALUES ('54411', 20299, '2014-4-11');
INSERT INTO titles VALUES ( '54411', 'Tech Lev 1', '2014-4-11');
UPDATE works_in SET to_date = '2014-4-11' WHERE emp_no = 54411 AND from_date = '2014-4-11';
INSERT INTO dept_manager VALUES ('0009', 54411, '2014-4-11', null);
INSERT INTO works_in VALUES (54411, '0009', '2014-4-11', null);
UPDATE works_in SET to_date = '2014-5-4' WHERE emp_no = 54330 AND from_date = '2006-3-20';
INSERT INTO works_in VALUES (54330, '0012', '2014-5-4', null);
UPDATE works_in SET to_date = '2014-5-11' WHERE emp_no = 54361 AND from_date = '2008-3-27';
INSERT INTO works_in VALUES (54361, '0008', '2014-5-11', null);
UPDATE works_in SET to_date = '2014-8-2' WHERE emp_no = 54337 AND from_date = '2001-3-15';
INSERT INTO works_in VALUES (54337, '0007', '2014-8-2', null);
INSERT INTO employees VALUES (54412, '1994-7-16', 'Vanessa', 'Vanderhund', '2014-9-28');
INSERT INTO salaries VALUES ('54412', 59190, '2014-9-28');
INSERT INTO titles VALUES ( '54412', 'Tech Lev 1', '2014-9-28');
UPDATE works_in SET to_date = '2014-9-28' WHERE emp_no = 54412 AND from_date = '2014-9-28';
INSERT INTO works_in VALUES (54412, '0000', '2014-9-28', null);
INSERT INTO titles VALUES ( '54354', 'Tech Lev 2', '2014-11-24');
INSERT INTO employees VALUES (54413, '1994-8-3', 'Anna', 'Urx', '2014-12-14');
INSERT INTO salaries VALUES ('54413', 42147, '2014-12-14');
INSERT INTO titles VALUES ( '54413', 'Tech Lev 1', '2014-12-14');
UPDATE works_in SET to_date = '2014-12-14' WHERE emp_no = 54413 AND from_date = '2014-12-14';
INSERT INTO works_in VALUES (54413, '0006', '2014-12-14', null);
INSERT INTO titles VALUES ( '54344', 'Programmer Lev 1', '2014-12-23');
INSERT INTO employees VALUES (54414, '1994-10-25', 'Ursula', 'Hyte', '2014-12-24');
INSERT INTO salaries VALUES ('54414', 20288, '2014-12-24');
INSERT INTO titles VALUES ( '54414', 'Tech Lev 1', '2014-12-24');
UPDATE works_in SET to_date = '2014-12-24' WHERE emp_no = 54414 AND from_date = '2014-12-24';
INSERT INTO works_in VALUES (54414, '0006', '2014-12-24', null);
UPDATE dept_manager SET to_date = '2014-12-25' WHERE emp_no = 54351 AND from_date = '2011-10-9';
UPDATE works_in SET to_date = '2014-12-25' WHERE emp_no = 54351 AND from_date = '2011-10-9';
INSERT INTO works_in VALUES (54351, '0003', '2014-12-25', null);
UPDATE works_in SET to_date = '2014-12-28' WHERE emp_no = 54396 AND from_date = '1992-10-4';
INSERT INTO works_in VALUES (54396, '0010', '2014-12-28', null);
INSERT INTO titles VALUES ( '54368', 'Tech Lev 2', '2015-1-11');
INSERT INTO employees VALUES (54415, '1994-11-2', 'Kitty', 'Yewbeam', '2015-2-17');
INSERT INTO salaries VALUES ('54415', 41794, '2015-2-17');
INSERT INTO titles VALUES ( '54415', 'Tech Lev 1', '2015-2-17');
UPDATE works_in SET to_date = '2015-2-17' WHERE emp_no = 54415 AND from_date = '2015-2-17';
INSERT INTO works_in VALUES (54415, '0002', '2015-2-17', null);
INSERT INTO titles VALUES ( '54359', 'Programmer Lev 1', '2015-4-9');
INSERT INTO titles VALUES ( '54335', 'Programmer Lev 2', '2015-7-21');
INSERT INTO titles VALUES ( '54345', 'Programmer Lev 1', '2015-7-24');
UPDATE works_in SET to_date = '2015-9-3' WHERE emp_no = 54349 AND from_date = '2002-7-9';
INSERT INTO works_in VALUES (54349, '0002', '2015-9-3', null);
INSERT INTO employees VALUES (54416, '1995-2-27', 'Ursula', 'Hyte', '2015-9-18');
INSERT INTO salaries VALUES ('54416', 44288, '2015-9-18');
INSERT INTO titles VALUES ( '54416', 'Tech Lev 1', '2015-9-18');
UPDATE works_in SET to_date = '2015-9-18' WHERE emp_no = 54416 AND from_date = '2015-9-18';
INSERT INTO works_in VALUES (54416, '0012', '2015-9-18', null);
INSERT INTO employees VALUES (54417, '1995-6-24', 'Felicity', 'Oblansky', '2015-10-3');
INSERT INTO salaries VALUES ('54417', 34580, '2015-10-3');
INSERT INTO titles VALUES ( '54417', 'Tech Lev 1', '2015-10-3');
UPDATE works_in SET to_date = '2015-10-3' WHERE emp_no = 54417 AND from_date = '2015-10-3';
INSERT INTO works_in VALUES (54417, '0007', '2015-10-3', null);
INSERT INTO titles VALUES ( '54332', 'Tech Lev 2', '2015-12-5');
UPDATE works_in SET to_date = '2016-3-16' WHERE emp_no = 54340 AND from_date = '1978-8-13';
INSERT INTO works_in VALUES (54340, '0013', '2016-3-16', null);
UPDATE works_in SET to_date = '2016-4-26' WHERE emp_no = 54414 AND from_date = '2014-12-24';
INSERT INTO works_in VALUES (54414, '0001', '2016-4-26', null);
UPDATE works_in SET to_date = '2016-5-12' WHERE emp_no = 54392 AND from_date = '2005-2-25';
INSERT INTO works_in VALUES (54392, '0002', '2016-5-12', null);
UPDATE works_in SET to_date = '2016-6-13' WHERE emp_no = 54352 AND from_date = '1997-12-24';
INSERT INTO works_in VALUES (54352, '0002', '2016-6-13', null);
INSERT INTO titles VALUES ( '54336', 'Junior Architecht', '2016-12-15');
UPDATE works_in SET to_date = '2016-12-16' WHERE emp_no = 54379 AND from_date = '1985-1-5';
INSERT INTO works_in VALUES (54379, '0011', '2016-12-16', null);
INSERT INTO titles VALUES ( '54404', 'Tech Lev 2', '2017-1-2');
INSERT INTO employees VALUES (54418, '1997-2-5', 'Kyle', 'Hyte', '2017-3-22');
INSERT INTO salaries VALUES ('54418', 47950, '2017-3-22');
INSERT INTO titles VALUES ( '54418', 'Tech Lev 1', '2017-3-22');
UPDATE works_in SET to_date = '2017-3-22' WHERE emp_no = 54418 AND from_date = '2017-3-22';
INSERT INTO works_in VALUES (54418, '0007', '2017-3-22', null);
INSERT INTO employees VALUES (54419, '1997-5-4', 'Jada', 'Oblansky', '2017-9-22');
INSERT INTO salaries VALUES ('54419', 23800, '2017-9-22');
INSERT INTO titles VALUES ( '54419', 'Tech Lev 1', '2017-9-22');
UPDATE works_in SET to_date = '2017-9-22' WHERE emp_no = 54419 AND from_date = '2017-9-22';
INSERT INTO works_in VALUES (54419, '0004', '2017-9-22', null);
INSERT INTO employees VALUES (54420, '1997-5-6', 'Heather', 'Karamazov', '2017-10-19');
INSERT INTO salaries VALUES ('54420', 56966, '2017-10-19');
INSERT INTO titles VALUES ( '54420', 'Tech Lev 1', '2017-10-19');
UPDATE works_in SET to_date = '2017-10-19' WHERE emp_no = 54420 AND from_date = '2017-10-19';
INSERT INTO works_in VALUES (54420, '0003', '2017-10-19', null);
INSERT INTO titles VALUES ( '54397', 'Programmer Lev 1', '2017-12-6');
INSERT INTO titles VALUES ( '54412', 'Tech Lev 2', '2017-12-16');
INSERT INTO employees VALUES (54421, '1997-11-27', 'Olivia', 'Belleci', '2017-12-28');
INSERT INTO salaries VALUES ('54421', 40108, '2017-12-28');
INSERT INTO titles VALUES ( '54421', 'Tech Lev 1', '2017-12-28');
UPDATE works_in SET to_date = '2017-12-28' WHERE emp_no = 54421 AND from_date = '2017-12-28';
INSERT INTO works_in VALUES (54421, '0009', '2017-12-28', null);
INSERT INTO titles VALUES ( '54393', 'Tech Lev 2', '2018-3-25');
INSERT INTO titles VALUES ( '54352', 'Junior Architecht', '2018-5-19');
UPDATE dept_manager SET to_date = '2018-6-12' WHERE emp_no = 54326 AND from_date = '1979-11-14';
UPDATE works_in SET to_date = '2018-6-12' WHERE emp_no = 54326 AND from_date = '1979-11-14';
INSERT INTO works_in VALUES (54326, '0010', '2018-6-12', null);
INSERT INTO titles VALUES ( '54350', 'Programmer Lev 1', '2018-7-12');
UPDATE works_in SET to_date = '2018-7-27' WHERE emp_no = 54397 AND from_date = '2005-2-26';
INSERT INTO dept_manager VALUES ('0011', 54397, '2018-7-27', null);
INSERT INTO works_in VALUES (54397, '0011', '2018-7-27', null);
INSERT INTO titles VALUES ( '54372', 'Programmer Lev 1', '2018-8-28');
UPDATE works_in SET to_date = '2018-9-28' WHERE emp_no = 54361 AND from_date = '2014-5-11';
INSERT INTO works_in VALUES (54361, '0007', '2018-9-28', null);
INSERT INTO employees VALUES (54422, '1998-3-13', 'Ivan', 'Oblansky', '2018-11-4');
INSERT INTO salaries VALUES ('54422', 36182, '2018-11-4');
INSERT INTO titles VALUES ( '54422', 'Tech Lev 1', '2018-11-4');
UPDATE works_in SET to_date = '2018-11-4' WHERE emp_no = 54422 AND from_date = '2018-11-4';
INSERT INTO works_in VALUES (54422, '0012', '2018-11-4', null);
INSERT INTO titles VALUES ( '54420', 'Tech Lev 2', '2018-11-21');
UPDATE works_in SET to_date = '2019-1-17' WHERE emp_no = 54334 AND from_date = '2012-1-25';
INSERT INTO works_in VALUES (54334, '0009', '2019-1-17', null);